,kingdom,phylum,class,order,family,genus,species
ASV_421,Fungi,Glomeromycota,Archaeosporomycetes,Archaeosporales,Archaeosporaceae,Palaeospora,Palaeospora_spainiae
ASV_229,Fungi,Glomeromycota,Glomeromycetes,Diversisporales,Acaulosporaceae,Acaulospora,unidentified
ASV_215,Fungi,Glomeromycota,Glomeromycetes,Diversisporales,Acaulosporaceae,Acaulospora,unidentified
ASV_847,Fungi,Glomeromycota,Glomeromycetes,Glomerales,Glomeraceae,Funneliformis,Funneliformis_caledonium
ASV_509,Fungi,Glomeromycota,Glomeromycetes,Glomerales,Glomeraceae,Funneliformis,Funneliformis_mosseae
ASV_561,Fungi,Glomeromycota,Archaeosporomycetes,Archaeosporales,Archaeosporaceae,unidentified,unidentified
ASV_451,Fungi,Glomeromycota,Glomeromycetes,Diversisporales,Acaulosporaceae,Acaulospora,unidentified
ASV_809,Fungi,Glomeromycota,Glomeromycetes,Glomerales,Claroideoglomeraceae,unidentified,unidentified
ASV_256,Fungi,Glomeromycota,Glomeromycetes,Diversisporales,Acaulosporaceae,Acaulospora,unidentified
ASV_855,Fungi,Glomeromycota,Glomeromycetes,Glomerales,Glomeraceae,Funneliformis,unidentified
ASV_75,Fungi,Glomeromycota,Glomeromycetes,Gigasporales,Gigasporaceae,Cetraspora,unidentified
ASV_514,Fungi,Glomeromycota,Archaeosporomycetes,Archaeosporales,Archaeosporaceae,Palaeospora,Palaeospora_spainiae
ASV_57,Fungi,Glomeromycota,Paraglomeromycetes,Paraglomerales,unidentified,unidentified,unidentified
ASV_102,Fungi,Glomeromycota,Glomeromycetes,Glomerales,Glomeraceae,Funneliformis,unidentified
ASV_124,Fungi,Glomeromycota,Glomeromycetes,Diversisporales,Diversisporaceae,unidentified,unidentified
ASV_399,Fungi,Glomeromycota,Glomeromycetes,Diversisporales,Acaulosporaceae,Acaulospora,unidentified
ASV_331,Fungi,Glomeromycota,Glomeromycetes,Gigasporales,Gigasporaceae,Cetraspora,unidentified
ASV_284,Fungi,Glomeromycota,Glomeromycetes,Glomerales,Glomeraceae,unidentified,unidentified
ASV_716,Fungi,Glomeromycota,Glomeromycetes,Diversisporales,Acaulosporaceae,Acaulospora,unidentified
ASV_643,Fungi,Glomeromycota,Glomeromycetes,Diversisporales,Diversisporaceae,Diversispora,unidentified
ASV_285,Fungi,Glomeromycota,Glomeromycetes,Glomerales,Glomeraceae,unidentified,unidentified
ASV_302,Fungi,Glomeromycota,Glomeromycetes,Glomerales,Glomeraceae,Funneliformis,Funneliformis_caledonium
ASV_400,Fungi,Glomeromycota,Glomeromycetes,Diversisporales,Acaulosporaceae,Acaulospora,unidentified
ASV_431,Fungi,Glomeromycota,Glomeromycetes,Diversisporales,Diversisporaceae,Diversispora,unidentified
ASV_511,Fungi,Glomeromycota,Glomeromycetes,Diversisporales,Diversisporaceae,Diversispora,unidentified
ASV_914,Fungi,Glomeromycota,Archaeosporomycetes,Archaeosporales,Archaeosporaceae,unidentified,unidentified
ASV_912,Fungi,Glomeromycota,Archaeosporomycetes,Archaeosporales,Ambisporaceae,unidentified,unidentified
ASV_639,Fungi,Glomeromycota,Glomeromycetes,Diversisporales,Diversisporaceae,unidentified,unidentified
ASV_604,Fungi,Glomeromycota,Glomeromycetes,Glomerales,Glomeraceae,Funneliformis,Funneliformis_caledonium
ASV_262,Fungi,Glomeromycota,Glomeromycetes,Diversisporales,Acaulosporaceae,Acaulospora,unidentified
ASV_94,Fungi,Glomeromycota,Archaeosporomycetes,Archaeosporales,Archaeosporaceae,Palaeospora,Palaeospora_spainiae
ASV_183,Fungi,Glomeromycota,Archaeosporomycetes,Archaeosporales,Archaeosporaceae,unidentified,unidentified
ASV_378,Fungi,Glomeromycota,Paraglomeromycetes,Paraglomerales,unidentified,unidentified,unidentified
ASV_61,Fungi,Glomeromycota,Glomeromycetes,Diversisporales,Acaulosporaceae,Acaulospora,unidentified
ASV_679,Fungi,Glomeromycota,Glomeromycetes,Glomerales,Claroideoglomeraceae,unidentified,unidentified
ASV_539,Fungi,Glomeromycota,Archaeosporomycetes,Archaeosporales,Archaeosporaceae,unidentified,unidentified
ASV_730,Fungi,Glomeromycota,Archaeosporomycetes,Archaeosporales,Archaeosporaceae,unidentified,unidentified
ASV_184,Fungi,Glomeromycota,Paraglomeromycetes,Paraglomerales,unidentified,unidentified,unidentified
ASV_886,Fungi,Glomeromycota,Archaeosporomycetes,Archaeosporales,Ambisporaceae,unidentified,unidentified
ASV_101,Fungi,Glomeromycota,Glomeromycetes,Diversisporales,Acaulosporaceae,Acaulospora,unidentified
ASV_987,Fungi,Glomeromycota,Glomeromycetes,Glomerales,Claroideoglomeraceae,unidentified,unidentified
ASV_916,Fungi,Glomeromycota,Glomeromycetes,Diversisporales,Diversisporaceae,Diversispora,Diversispora_epigaea
ASV_89,Fungi,Glomeromycota,Glomeromycetes,Glomerales,Claroideoglomeraceae,unidentified,unidentified
ASV_353,Fungi,Glomeromycota,Archaeosporomycetes,Archaeosporales,Archaeosporaceae,unidentified,unidentified
ASV_962,Fungi,Glomeromycota,Glomeromycetes,Glomerales,Glomeraceae,unidentified,unidentified
ASV_825,Fungi,Glomeromycota,Glomeromycetes,Gigasporales,Gigasporaceae,Cetraspora,unidentified
ASV_746,Fungi,Glomeromycota,Archaeosporomycetes,Archaeosporales,Archaeosporaceae,unidentified,unidentified
ASV_792,Fungi,Glomeromycota,Glomeromycetes,Gigasporales,Gigasporaceae,Cetraspora,unidentified
ASV_644,Fungi,Glomeromycota,Archaeosporomycetes,Archaeosporales,Ambisporaceae,unidentified,unidentified
ASV_329,Fungi,Glomeromycota,Archaeosporomycetes,Archaeosporales,Archaeosporaceae,Palaeospora,Palaeospora_spainiae
ASV_201,Fungi,Glomeromycota,Archaeosporomycetes,Archaeosporales,Archaeosporaceae,unidentified,unidentified
ASV_678,Fungi,Glomeromycota,Glomeromycetes,Diversisporales,Acaulosporaceae,Acaulospora,unidentified
ASV_938,Fungi,Glomeromycota,Archaeosporomycetes,Archaeosporales,Archaeosporaceae,Palaeospora,Palaeospora_spainiae
ASV_282,Fungi,Glomeromycota,Glomeromycetes,Diversisporales,Acaulosporaceae,Acaulospora,unidentified
ASV_481,Fungi,Glomeromycota,Glomeromycetes,Glomerales,Glomeraceae,Funneliformis,Funneliformis_mosseae
ASV_5,Fungi,Glomeromycota,Glomeromycetes,Diversisporales,Acaulosporaceae,Acaulospora,unidentified
ASV_95,Fungi,Glomeromycota,Paraglomeromycetes,Paraglomerales,unidentified,unidentified,unidentified
ASV_490,Fungi,Glomeromycota,Paraglomeromycetes,Paraglomerales,unidentified,unidentified,unidentified
ASV_347,Fungi,Glomeromycota,Glomeromycetes,Diversisporales,Acaulosporaceae,Acaulospora,unidentified
ASV_69,Fungi,Glomeromycota,Archaeosporomycetes,Archaeosporales,Archaeosporaceae,Palaeospora,Palaeospora_spainiae
ASV_21,Fungi,Glomeromycota,Glomeromycetes,Diversisporales,Acaulosporaceae,Acaulospora,unidentified
ASV_909,Fungi,Glomeromycota,Archaeosporomycetes,Archaeosporales,Archaeosporaceae,unidentified,unidentified
ASV_522,Fungi,Glomeromycota,Glomeromycetes,Glomerales,Glomeraceae,Funneliformis,Funneliformis_caledonium
ASV_306,Fungi,Glomeromycota,Paraglomeromycetes,Paraglomerales,unidentified,unidentified,unidentified
ASV_756,Fungi,Glomeromycota,Glomeromycetes,Glomerales,Claroideoglomeraceae,unidentified,unidentified
ASV_503,Fungi,Glomeromycota,Glomeromycetes,Glomerales,Glomeraceae,Funneliformis,Funneliformis_mosseae
ASV_567,Fungi,Glomeromycota,Archaeosporomycetes,Archaeosporales,Archaeosporaceae,Palaeospora,Palaeospora_spainiae
ASV_710,Fungi,Glomeromycota,Glomeromycetes,Diversisporales,Diversisporaceae,unidentified,unidentified
ASV_849,Fungi,Glomeromycota,Archaeosporomycetes,Archaeosporales,Archaeosporaceae,Palaeospora,Palaeospora_spainiae
ASV_667,Fungi,Glomeromycota,Glomeromycetes,Diversisporales,Acaulosporaceae,Acaulospora,unidentified
ASV_794,Fungi,Glomeromycota,Archaeosporomycetes,Archaeosporales,Archaeosporaceae,unidentified,unidentified
ASV_507,Fungi,Glomeromycota,Glomeromycetes,Diversisporales,Diversisporaceae,Diversispora,Diversispora_epigaea
ASV_616,Fungi,Glomeromycota,Glomeromycetes,Diversisporales,Diversisporaceae,Diversispora,Diversispora_epigaea
ASV_176,Fungi,Glomeromycota,Glomeromycetes,Diversisporales,Acaulosporaceae,Acaulospora,unidentified
ASV_161,Fungi,Glomeromycota,Archaeosporomycetes,Archaeosporales,Archaeosporaceae,unidentified,unidentified
ASV_333,Fungi,Glomeromycota,Paraglomeromycetes,Paraglomerales,unidentified,unidentified,unidentified
ASV_171,Fungi,Glomeromycota,Paraglomeromycetes,Paraglomerales,unidentified,unidentified,unidentified
ASV_550,Fungi,Glomeromycota,Archaeosporomycetes,Archaeosporales,Archaeosporaceae,Palaeospora,Palaeospora_spainiae
ASV_934,Fungi,Glomeromycota,Archaeosporomycetes,Archaeosporales,Archaeosporaceae,unidentified,unidentified
ASV_568,Fungi,Glomeromycota,Glomeromycetes,Glomerales,Claroideoglomeraceae,Claroideoglomus,unidentified
ASV_737,Fungi,Glomeromycota,Glomeromycetes,Diversisporales,Acaulosporaceae,unidentified,unidentified
ASV_733,Fungi,Glomeromycota,Glomeromycetes,Glomerales,Claroideoglomeraceae,unidentified,unidentified
ASV_216,Fungi,Glomeromycota,Glomeromycetes,Diversisporales,Acaulosporaceae,Acaulospora,unidentified
ASV_622,Fungi,Glomeromycota,Glomeromycetes,Glomerales,Glomeraceae,Funneliformis,Funneliformis_caledonium
ASV_81,Fungi,Glomeromycota,Glomeromycetes,Diversisporales,Acaulosporaceae,Acaulospora,unidentified
ASV_988,Fungi,Glomeromycota,Glomeromycetes,Glomerales,Glomeraceae,Dominikia,unidentified
ASV_623,Fungi,Glomeromycota,Glomeromycetes,Glomerales,Claroideoglomeraceae,unidentified,unidentified
ASV_252,Fungi,Glomeromycota,Glomeromycetes,Diversisporales,Acaulosporaceae,unidentified,unidentified
ASV_945,Fungi,Glomeromycota,Glomeromycetes,Glomerales,Claroideoglomeraceae,unidentified,unidentified
ASV_244,Fungi,Glomeromycota,Glomeromycetes,Diversisporales,Acaulosporaceae,unidentified,unidentified
ASV_274,Fungi,Glomeromycota,Glomeromycetes,Diversisporales,Diversisporaceae,Diversispora,unidentified
ASV_729,Fungi,Glomeromycota,Glomeromycetes,Diversisporales,Diversisporaceae,unidentified,unidentified
ASV_931,Fungi,Glomeromycota,Glomeromycetes,Glomerales,Glomeraceae,Funneliformis,unidentified
ASV_146,Fungi,Glomeromycota,Glomeromycetes,Diversisporales,Acaulosporaceae,Acaulospora,unidentified
ASV_108,Fungi,Glomeromycota,Glomeromycetes,Gigasporales,Gigasporaceae,Cetraspora,unidentified
ASV_556,Fungi,Glomeromycota,Glomeromycetes,Diversisporales,Acaulosporaceae,Acaulospora,unidentified
ASV_159,Fungi,Glomeromycota,Glomeromycetes,Diversisporales,Diversisporaceae,Diversispora,unidentified
ASV_221,Fungi,Glomeromycota,Paraglomeromycetes,Paraglomerales,unidentified,unidentified,unidentified
ASV_873,Fungi,Glomeromycota,Archaeosporomycetes,Archaeosporales,Archaeosporaceae,unidentified,unidentified
ASV_485,Fungi,Glomeromycota,Archaeosporomycetes,Archaeosporales,Ambisporaceae,Ambispora,unidentified
ASV_612,Fungi,Glomeromycota,Archaeosporomycetes,Archaeosporales,Archaeosporaceae,unidentified,unidentified
ASV_316,Fungi,Glomeromycota,Glomeromycetes,Diversisporales,Diversisporaceae,Diversispora,unidentified
ASV_189,Fungi,Glomeromycota,Glomeromycetes,Glomerales,Glomeraceae,Funneliformis,Funneliformis_caledonium
ASV_382,Fungi,Glomeromycota,Glomeromycetes,Diversisporales,Acaulosporaceae,Acaulospora,unidentified
ASV_764,Fungi,Glomeromycota,Archaeosporomycetes,Archaeosporales,Archaeosporaceae,unidentified,unidentified
ASV_558,Fungi,Glomeromycota,Glomeromycetes,Diversisporales,Diversisporaceae,Diversispora,unidentified
ASV_163,Fungi,Glomeromycota,Glomeromycetes,Diversisporales,Acaulosporaceae,Acaulospora,unidentified
ASV_819,Fungi,Glomeromycota,Glomeromycetes,Diversisporales,Diversisporaceae,unidentified,unidentified
ASV_185,Fungi,Glomeromycota,Archaeosporomycetes,Archaeosporales,Ambisporaceae,Ambispora,unidentified
ASV_78,Fungi,Glomeromycota,Paraglomeromycetes,Paraglomerales,unidentified,unidentified,unidentified
ASV_66,Fungi,Glomeromycota,Glomeromycetes,Diversisporales,Acaulosporaceae,Acaulospora,unidentified
ASV_749,Fungi,Glomeromycota,Glomeromycetes,Glomerales,Claroideoglomeraceae,unidentified,unidentified
ASV_251,Fungi,Glomeromycota,Glomeromycetes,Diversisporales,Diversisporaceae,unidentified,unidentified
ASV_71,Fungi,Glomeromycota,Archaeosporomycetes,Archaeosporales,Archaeosporaceae,unidentified,unidentified
ASV_207,Fungi,Glomeromycota,Glomeromycetes,Diversisporales,Acaulosporaceae,Acaulospora,unidentified
ASV_930,Fungi,Glomeromycota,Glomeromycetes,Diversisporales,Diversisporaceae,unidentified,unidentified
ASV_50,Fungi,Glomeromycota,Paraglomeromycetes,Paraglomerales,unidentified,unidentified,unidentified
ASV_602,Fungi,Glomeromycota,Archaeosporomycetes,Archaeosporales,Ambisporaceae,unidentified,unidentified
ASV_48,Fungi,Glomeromycota,Glomeromycetes,Glomerales,Glomeraceae,Funneliformis,Funneliformis_caledonium
ASV_413,Fungi,Glomeromycota,Glomeromycetes,Diversisporales,Acaulosporaceae,Acaulospora,unidentified
ASV_220,Fungi,Glomeromycota,Paraglomeromycetes,Paraglomerales,unidentified,unidentified,unidentified
ASV_715,Fungi,Glomeromycota,Archaeosporomycetes,Archaeosporales,Archaeosporaceae,unidentified,unidentified
ASV_480,Fungi,Glomeromycota,Archaeosporomycetes,Archaeosporales,Archaeosporaceae,unidentified,unidentified
ASV_411,Fungi,Glomeromycota,Glomeromycetes,Glomerales,Claroideoglomeraceae,Claroideoglomus,Claroideoglomus_claroideum
ASV_155,Fungi,Glomeromycota,Glomeromycetes,Glomerales,Glomeraceae,unidentified,unidentified
ASV_596,Fungi,Glomeromycota,Archaeosporomycetes,Archaeosporales,Archaeosporaceae,unidentified,unidentified
ASV_728,Fungi,Glomeromycota,Glomeromycetes,Diversisporales,Diversisporaceae,unidentified,unidentified
ASV_929,Fungi,Glomeromycota,Glomeromycetes,Diversisporales,Diversisporaceae,Diversispora,unidentified
ASV_822,Fungi,Glomeromycota,Glomeromycetes,Glomerales,Glomeraceae,Funneliformis,unidentified
ASV_660,Fungi,Glomeromycota,Archaeosporomycetes,Archaeosporales,Archaeosporaceae,unidentified,unidentified
ASV_489,Fungi,Glomeromycota,Glomeromycetes,Glomerales,Claroideoglomeraceae,unidentified,unidentified
ASV_646,Fungi,Glomeromycota,Glomeromycetes,Diversisporales,Diversisporaceae,Diversispora,unidentified
ASV_591,Fungi,Glomeromycota,Glomeromycetes,Glomerales,Glomeraceae,Funneliformis,Funneliformis_mosseae
ASV_391,Fungi,Glomeromycota,Glomeromycetes,Gigasporales,Gigasporaceae,Cetraspora,unidentified
ASV_254,Fungi,Glomeromycota,Paraglomeromycetes,Paraglomerales,unidentified,unidentified,unidentified
ASV_338,Fungi,Glomeromycota,Glomeromycetes,Diversisporales,Diversisporaceae,Diversispora,Diversispora_epigaea
ASV_925,Fungi,Glomeromycota,Glomeromycetes,Glomerales,Glomeraceae,Funneliformis,unidentified
ASV_973,Fungi,Glomeromycota,Glomeromycetes,Glomerales,Glomeraceae,Dominikia,unidentified
ASV_404,Fungi,Glomeromycota,Paraglomeromycetes,Paraglomerales,unidentified,unidentified,unidentified
ASV_127,Fungi,Glomeromycota,Archaeosporomycetes,Archaeosporales,Archaeosporaceae,unidentified,unidentified
ASV_748,Fungi,Glomeromycota,Glomeromycetes,Diversisporales,Acaulosporaceae,Acaulospora,unidentified
ASV_293,Fungi,Glomeromycota,Archaeosporomycetes,Archaeosporales,Archaeosporaceae,unidentified,unidentified
ASV_858,Fungi,Glomeromycota,Archaeosporomycetes,Archaeosporales,Archaeosporaceae,unidentified,unidentified
ASV_761,Fungi,Glomeromycota,Archaeosporomycetes,Archaeosporales,Archaeosporaceae,unidentified,unidentified
ASV_468,Fungi,Glomeromycota,Glomeromycetes,Diversisporales,Acaulosporaceae,Acaulospora,unidentified
ASV_449,Fungi,Glomeromycota,Glomeromycetes,Diversisporales,Diversisporaceae,Diversispora,unidentified
ASV_900,Fungi,Glomeromycota,Archaeosporomycetes,Archaeosporales,Archaeosporaceae,unidentified,unidentified
ASV_647,Fungi,Glomeromycota,Glomeromycetes,Diversisporales,Acaulosporaceae,Acaulospora,unidentified
ASV_393,Fungi,Glomeromycota,Glomeromycetes,Diversisporales,Acaulosporaceae,Acaulospora,unidentified
ASV_784,Fungi,Glomeromycota,Archaeosporomycetes,Archaeosporales,Ambisporaceae,unidentified,unidentified
ASV_595,Fungi,Glomeromycota,Glomeromycetes,Diversisporales,Diversisporaceae,unidentified,unidentified
ASV_227,Fungi,Glomeromycota,Paraglomeromycetes,Paraglomerales,unidentified,unidentified,unidentified
ASV_20,Fungi,Glomeromycota,Paraglomeromycetes,Paraglomerales,unidentified,unidentified,unidentified
ASV_250,Fungi,Glomeromycota,Archaeosporomycetes,Archaeosporales,Ambisporaceae,Ambispora,unidentified
ASV_99,Fungi,Glomeromycota,Glomeromycetes,Diversisporales,Acaulosporaceae,Acaulospora,unidentified
ASV_235,Fungi,Glomeromycota,Paraglomeromycetes,Paraglomerales,unidentified,unidentified,unidentified
ASV_38,Fungi,Glomeromycota,Archaeosporomycetes,Archaeosporales,Archaeosporaceae,unidentified,unidentified
ASV_555,Fungi,Glomeromycota,Paraglomeromycetes,Paraglomerales,unidentified,unidentified,unidentified
ASV_406,Fungi,Glomeromycota,Glomeromycetes,Diversisporales,Acaulosporaceae,Acaulospora,unidentified
ASV_439,Fungi,Glomeromycota,Archaeosporomycetes,Archaeosporales,Archaeosporaceae,Palaeospora,Palaeospora_spainiae
ASV_371,Fungi,Glomeromycota,Glomeromycetes,Diversisporales,Diversisporaceae,Diversispora,unidentified
ASV_145,Fungi,Glomeromycota,Glomeromycetes,Glomerales,Glomeraceae,Funneliformis,Funneliformis_caledonium
ASV_896,Fungi,Glomeromycota,Glomeromycetes,Gigasporales,Gigasporaceae,Cetraspora,unidentified
ASV_722,Fungi,Glomeromycota,Glomeromycetes,Diversisporales,Acaulosporaceae,Acaulospora,unidentified
ASV_699,Fungi,Glomeromycota,Glomeromycetes,Diversisporales,Acaulosporaceae,Acaulospora,unidentified
ASV_428,Fungi,Glomeromycota,Glomeromycetes,Diversisporales,Diversisporaceae,unidentified,unidentified
ASV_80,Fungi,Glomeromycota,Glomeromycetes,Diversisporales,Acaulosporaceae,Acaulospora,unidentified
ASV_456,Fungi,Glomeromycota,Glomeromycetes,Diversisporales,Acaulosporaceae,Acaulospora,unidentified
ASV_389,Fungi,Glomeromycota,Archaeosporomycetes,Archaeosporales,Archaeosporaceae,Palaeospora,Palaeospora_spainiae
ASV_236,Fungi,Glomeromycota,Glomeromycetes,Diversisporales,Acaulosporaceae,Acaulospora,unidentified
ASV_955,Fungi,Glomeromycota,Glomeromycetes,Glomerales,Glomeraceae,unidentified,unidentified
ASV_884,Fungi,Glomeromycota,Archaeosporomycetes,Archaeosporales,Archaeosporaceae,unidentified,unidentified
ASV_525,Fungi,Glomeromycota,Glomeromycetes,Glomerales,Claroideoglomeraceae,unidentified,unidentified
ASV_673,Fungi,Glomeromycota,Glomeromycetes,Gigasporales,Gigasporaceae,Cetraspora,unidentified
ASV_606,Fungi,Glomeromycota,Paraglomeromycetes,Paraglomerales,unidentified,unidentified,unidentified
ASV_65,Fungi,Glomeromycota,Glomeromycetes,Diversisporales,Acaulosporaceae,Acaulospora,unidentified
ASV_657,Fungi,Glomeromycota,Archaeosporomycetes,Archaeosporales,Archaeosporaceae,Palaeospora,Palaeospora_spainiae
ASV_305,Fungi,Glomeromycota,Glomeromycetes,Diversisporales,Diversisporaceae,unidentified,unidentified
ASV_871,Fungi,Glomeromycota,Glomeromycetes,Glomerales,Claroideoglomeraceae,unidentified,unidentified
ASV_698,Fungi,Glomeromycota,Paraglomeromycetes,Paraglomerales,unidentified,unidentified,unidentified
ASV_953,Fungi,Glomeromycota,Glomeromycetes,Glomerales,Claroideoglomeraceae,unidentified,unidentified
ASV_280,Fungi,Glomeromycota,Archaeosporomycetes,Archaeosporales,Archaeosporaceae,unidentified,unidentified
ASV_447,Fungi,Glomeromycota,Glomeromycetes,Diversisporales,Acaulosporaceae,Acaulospora,unidentified
ASV_665,Fungi,Glomeromycota,Glomeromycetes,Diversisporales,Acaulosporaceae,Acaulospora,unidentified
ASV_424,Fungi,Glomeromycota,Glomeromycetes,Diversisporales,Acaulosporaceae,Acaulospora,unidentified
ASV_725,Fungi,Glomeromycota,Archaeosporomycetes,Archaeosporales,Archaeosporaceae,unidentified,unidentified
ASV_575,Fungi,Glomeromycota,Glomeromycetes,Glomerales,Glomeraceae,Funneliformis,Funneliformis_caledonium
ASV_726,Fungi,Glomeromycota,Archaeosporomycetes,Archaeosporales,Archaeosporaceae,Palaeospora,Palaeospora_spainiae
ASV_366,Fungi,Glomeromycota,Glomeromycetes,Glomerales,Glomeraceae,Funneliformis,Funneliformis_caledonium
ASV_893,Fungi,Glomeromycota,Glomeromycetes,Diversisporales,Diversisporaceae,unidentified,unidentified
ASV_178,Fungi,Glomeromycota,Glomeromycetes,Glomerales,Claroideoglomeraceae,unidentified,unidentified
ASV_664,Fungi,Glomeromycota,Glomeromycetes,Diversisporales,Diversisporaceae,Diversispora,unidentified
ASV_222,Fungi,Glomeromycota,Glomeromycetes,Diversisporales,Acaulosporaceae,Acaulospora,unidentified
ASV_835,Fungi,Glomeromycota,Glomeromycetes,Glomerales,Claroideoglomeraceae,unidentified,unidentified
ASV_656,Fungi,Glomeromycota,Glomeromycetes,Glomerales,Claroideoglomeraceae,unidentified,unidentified
ASV_425,Fungi,Glomeromycota,Glomeromycetes,Diversisporales,Diversisporaceae,Diversispora,unidentified
ASV_972,Fungi,Glomeromycota,Glomeromycetes,Glomerales,Glomeraceae,Funneliformis,Funneliformis_mosseae
ASV_796,Fungi,Glomeromycota,Glomeromycetes,Glomerales,Claroideoglomeraceae,Claroideoglomus,Claroideoglomus_claroideum
ASV_342,Fungi,Glomeromycota,Glomeromycetes,Glomerales,Glomeraceae,Funneliformis,Funneliformis_mosseae
ASV_495,Fungi,Glomeromycota,Glomeromycetes,Diversisporales,Acaulosporaceae,Acaulospora,unidentified
ASV_635,Fungi,Glomeromycota,Glomeromycetes,Diversisporales,Diversisporaceae,unidentified,unidentified
ASV_173,Fungi,Glomeromycota,Archaeosporomycetes,Archaeosporales,Archaeosporaceae,Palaeospora,Palaeospora_spainiae
ASV_275,Fungi,Glomeromycota,Glomeromycetes,Diversisporales,Acaulosporaceae,Acaulospora,unidentified
ASV_270,Fungi,Glomeromycota,Glomeromycetes,Diversisporales,Acaulosporaceae,Acaulospora,unidentified
ASV_641,Fungi,Glomeromycota,Archaeosporomycetes,Archaeosporales,Archaeosporaceae,unidentified,unidentified
ASV_200,Fungi,Glomeromycota,Glomeromycetes,Diversisporales,Acaulosporaceae,Acaulospora,unidentified
ASV_564,Fungi,Glomeromycota,Glomeromycetes,Diversisporales,Diversisporaceae,unidentified,unidentified
ASV_416,Fungi,Glomeromycota,Glomeromycetes,Glomerales,Glomeraceae,Funneliformis,unidentified
ASV_594,Fungi,Glomeromycota,Archaeosporomycetes,Archaeosporales,Archaeosporaceae,unidentified,unidentified
ASV_426,Fungi,Glomeromycota,Glomeromycetes,Diversisporales,Acaulosporaceae,Acaulospora,unidentified
ASV_949,Fungi,Glomeromycota,Glomeromycetes,Glomerales,Claroideoglomeraceae,unidentified,unidentified
ASV_283,Fungi,Glomeromycota,Glomeromycetes,Diversisporales,Diversisporaceae,Diversispora,Diversispora_epigaea
ASV_718,Fungi,Glomeromycota,Glomeromycetes,Glomerales,Claroideoglomeraceae,unidentified,unidentified
ASV_436,Fungi,Glomeromycota,Glomeromycetes,Glomerales,Glomeraceae,Funneliformis,Funneliformis_mosseae
ASV_814,Fungi,Glomeromycota,Glomeromycetes,Glomerales,Claroideoglomeraceae,unidentified,unidentified
ASV_629,Fungi,Glomeromycota,Glomeromycetes,Glomerales,Glomeraceae,Funneliformis,unidentified
ASV_41,Fungi,Glomeromycota,Glomeromycetes,Glomerales,Glomeraceae,Funneliformis,Funneliformis_caledonium
ASV_578,Fungi,Glomeromycota,Glomeromycetes,Glomerales,Claroideoglomeraceae,unidentified,unidentified
ASV_979,Fungi,Glomeromycota,Archaeosporomycetes,Archaeosporales,Archaeosporaceae,unidentified,unidentified
ASV_484,Fungi,Glomeromycota,Glomeromycetes,Glomerales,Glomeraceae,Funneliformis,Funneliformis_caledonium
ASV_532,Fungi,Glomeromycota,Glomeromycetes,Diversisporales,Acaulosporaceae,Acaulospora,unidentified
ASV_777,Fungi,Glomeromycota,Archaeosporomycetes,Archaeosporales,Archaeosporaceae,Palaeospora,Palaeospora_spainiae
ASV_466,Fungi,Glomeromycota,Archaeosporomycetes,Archaeosporales,Archaeosporaceae,Palaeospora,Palaeospora_spainiae
ASV_402,Fungi,Glomeromycota,Archaeosporomycetes,Archaeosporales,Archaeosporaceae,unidentified,unidentified
ASV_362,Fungi,Glomeromycota,Paraglomeromycetes,Paraglomerales,unidentified,unidentified,unidentified
ASV_574,Fungi,Glomeromycota,Paraglomeromycetes,Paraglomerales,Paraglomeraceae,Paraglomus,unidentified
ASV_79,Fungi,Glomeromycota,Paraglomeromycetes,Paraglomerales,unidentified,unidentified,unidentified
ASV_369,Fungi,Glomeromycota,Glomeromycetes,Diversisporales,Diversisporaceae,Diversispora,unidentified
ASV_890,Fungi,Glomeromycota,Glomeromycetes,Glomerales,Claroideoglomeraceae,unidentified,unidentified
ASV_817,Fungi,Glomeromycota,Archaeosporomycetes,Archaeosporales,Ambisporaceae,Ambispora,Ambispora_fennica
ASV_598,Fungi,Glomeromycota,Glomeromycetes,Glomerales,Glomeraceae,Funneliformis,Funneliformis_mosseae
ASV_450,Fungi,Glomeromycota,Glomeromycetes,Diversisporales,Diversisporaceae,Diversispora,unidentified
ASV_336,Fungi,Glomeromycota,Glomeromycetes,Diversisporales,Acaulosporaceae,Acaulospora,unidentified
ASV_152,Fungi,Glomeromycota,Glomeromycetes,Glomerales,Glomeraceae,Funneliformis,Funneliformis_mosseae
ASV_982,Fungi,Glomeromycota,Archaeosporomycetes,Archaeosporales,Ambisporaceae,unidentified,unidentified
ASV_206,Fungi,Glomeromycota,Glomeromycetes,Diversisporales,Acaulosporaceae,Acaulospora,unidentified
ASV_377,Fungi,Glomeromycota,Glomeromycetes,Diversisporales,Diversisporaceae,Diversispora,unidentified
ASV_303,Fungi,Glomeromycota,Glomeromycetes,Diversisporales,Diversisporaceae,Diversispora,unidentified
ASV_6,Fungi,Glomeromycota,Glomeromycetes,Diversisporales,Acaulosporaceae,Acaulospora,unidentified
ASV_149,Fungi,Glomeromycota,Glomeromycetes,Glomerales,Glomeraceae,Funneliformis,Funneliformis_caledonium
ASV_287,Fungi,Glomeromycota,Glomeromycetes,Diversisporales,Diversisporaceae,Diversispora,unidentified
ASV_852,Fungi,Glomeromycota,Archaeosporomycetes,Archaeosporales,Archaeosporaceae,Archaeospora,unidentified
ASV_9,Fungi,Glomeromycota,Glomeromycetes,Diversisporales,Acaulosporaceae,Acaulospora,unidentified
ASV_566,Fungi,Glomeromycota,Glomeromycetes,Gigasporales,Gigasporaceae,Gigaspora,Gigaspora_margarita
ASV_620,Fungi,Glomeromycota,Paraglomeromycetes,Paraglomerales,unidentified,unidentified,unidentified
ASV_217,Fungi,Glomeromycota,Glomeromycetes,Glomerales,Claroideoglomeraceae,Claroideoglomus,Claroideoglomus_claroideum
ASV_837,Fungi,Glomeromycota,Glomeromycetes,Glomerales,Claroideoglomeraceae,unidentified,unidentified
ASV_363,Fungi,Glomeromycota,Glomeromycetes,Diversisporales,Diversisporaceae,Diversispora,unidentified
ASV_10,Fungi,Glomeromycota,Glomeromycetes,Diversisporales,Acaulosporaceae,Acaulospora,unidentified
ASV_907,Fungi,Glomeromycota,Archaeosporomycetes,Archaeosporales,Archaeosporaceae,unidentified,unidentified
ASV_430,Fungi,Glomeromycota,Archaeosporomycetes,Archaeosporales,Archaeosporaceae,unidentified,unidentified
ASV_29,Fungi,Glomeromycota,Glomeromycetes,Diversisporales,Acaulosporaceae,Acaulospora,unidentified
ASV_645,Fungi,Glomeromycota,Archaeosporomycetes,Archaeosporales,Ambisporaceae,unidentified,unidentified
ASV_289,Fungi,Glomeromycota,Glomeromycetes,Diversisporales,Acaulosporaceae,Acaulospora,unidentified
ASV_868,Fungi,Glomeromycota,Glomeromycetes,Diversisporales,Diversisporaceae,unidentified,unidentified
ASV_328,Fungi,Glomeromycota,Glomeromycetes,Diversisporales,Diversisporaceae,unidentified,unidentified
ASV_845,Fungi,Glomeromycota,Glomeromycetes,Diversisporales,Diversisporaceae,Diversispora,unidentified
ASV_123,Fungi,Glomeromycota,Glomeromycetes,Diversisporales,Acaulosporaceae,Acaulospora,unidentified
ASV_682,Fungi,Glomeromycota,Glomeromycetes,Diversisporales,Diversisporaceae,Diversispora,unidentified
ASV_478,Fungi,Glomeromycota,Archaeosporomycetes,Archaeosporales,Archaeosporaceae,unidentified,unidentified
ASV_787,Fungi,Glomeromycota,Glomeromycetes,Glomerales,Glomeraceae,unidentified,unidentified
ASV_19,Fungi,Glomeromycota,Archaeosporomycetes,Archaeosporales,Ambisporaceae,unidentified,unidentified
ASV_609,Fungi,Glomeromycota,Glomeromycetes,Diversisporales,Acaulosporaceae,Acaulospora,unidentified
ASV_277,Fungi,Glomeromycota,Glomeromycetes,Diversisporales,Acaulosporaceae,Acaulospora,unidentified
ASV_361,Fungi,Glomeromycota,Glomeromycetes,Diversisporales,Diversisporaceae,Diversispora,Diversispora_epigaea
ASV_674,Fungi,Glomeromycota,Archaeosporomycetes,Archaeosporales,Archaeosporaceae,unidentified,unidentified
ASV_633,Fungi,Glomeromycota,Paraglomeromycetes,Paraglomerales,unidentified,unidentified,unidentified
ASV_196,Fungi,Glomeromycota,Glomeromycetes,Diversisporales,Diversisporaceae,unidentified,unidentified
ASV_106,Fungi,Glomeromycota,Glomeromycetes,Diversisporales,Acaulosporaceae,Acaulospora,unidentified
ASV_257,Fungi,Glomeromycota,Archaeosporomycetes,Archaeosporales,Archaeosporaceae,unidentified,unidentified
ASV_628,Fungi,Glomeromycota,Archaeosporomycetes,Archaeosporales,Archaeosporaceae,Palaeospora,Palaeospora_spainiae
ASV_339,Fungi,Glomeromycota,Glomeromycetes,Diversisporales,Acaulosporaceae,Acaulospora,unidentified
ASV_408,Fungi,Glomeromycota,Archaeosporomycetes,Archaeosporales,Ambisporaceae,Ambispora,unidentified
ASV_838,Fungi,Glomeromycota,Glomeromycetes,Diversisporales,Acaulosporaceae,Acaulospora,unidentified
ASV_826,Fungi,Glomeromycota,Archaeosporomycetes,Archaeosporales,Archaeosporaceae,unidentified,unidentified
ASV_360,Fungi,Glomeromycota,Glomeromycetes,Glomerales,Claroideoglomeraceae,unidentified,unidentified
ASV_195,Fungi,Glomeromycota,Glomeromycetes,Diversisporales,Acaulosporaceae,Acaulospora,unidentified
ASV_957,Fungi,Glomeromycota,Glomeromycetes,Glomerales,Glomeraceae,unidentified,unidentified
ASV_141,Fungi,Glomeromycota,Glomeromycetes,Diversisporales,Acaulosporaceae,Acaulospora,unidentified
ASV_780,Fungi,Glomeromycota,Archaeosporomycetes,Archaeosporales,Archaeosporaceae,unidentified,unidentified
ASV_911,Fungi,Glomeromycota,Archaeosporomycetes,Archaeosporales,Archaeosporaceae,unidentified,unidentified
ASV_585,Fungi,Glomeromycota,Paraglomeromycetes,Paraglomerales,Paraglomeraceae,Paraglomus,unidentified
ASV_240,Fungi,Glomeromycota,Archaeosporomycetes,Archaeosporales,Archaeosporaceae,Palaeospora,Palaeospora_spainiae
ASV_921,Fungi,Glomeromycota,Glomeromycetes,Glomerales,Claroideoglomeraceae,unidentified,unidentified
ASV_307,Fungi,Glomeromycota,Glomeromycetes,Diversisporales,Acaulosporaceae,Acaulospora,unidentified
ASV_508,Fungi,Glomeromycota,Glomeromycetes,Glomerales,Claroideoglomeraceae,unidentified,unidentified
ASV_502,Fungi,Glomeromycota,Glomeromycetes,Diversisporales,Diversisporaceae,Diversispora,unidentified
ASV_42,Fungi,Glomeromycota,Paraglomeromycetes,Paraglomerales,unidentified,unidentified,unidentified
ASV_111,Fungi,Glomeromycota,Paraglomeromycetes,Paraglomerales,unidentified,unidentified,unidentified
ASV_709,Fungi,Glomeromycota,Glomeromycetes,Glomerales,Glomeraceae,unidentified,unidentified
ASV_897,Fungi,Glomeromycota,Archaeosporomycetes,Archaeosporales,Archaeosporaceae,unidentified,unidentified
ASV_541,Fungi,Glomeromycota,Glomeromycetes,Diversisporales,Acaulosporaceae,Acaulospora,unidentified
ASV_49,Fungi,Glomeromycota,Glomeromycetes,Glomerales,Glomeraceae,Funneliformis,unidentified
ASV_738,Fungi,Glomeromycota,Glomeromycetes,Glomerales,Claroideoglomeraceae,Claroideoglomus,Claroideoglomus_claroideum
ASV_231,Fungi,Glomeromycota,Glomeromycetes,Diversisporales,Acaulosporaceae,Acaulospora,unidentified
ASV_573,Fungi,Glomeromycota,Glomeromycetes,Glomerales,Claroideoglomeraceae,unidentified,unidentified
ASV_276,Fungi,Glomeromycota,Glomeromycetes,Glomerales,Glomeraceae,Funneliformis,Funneliformis_mosseae
ASV_810,Fungi,Glomeromycota,Archaeosporomycetes,Archaeosporales,Archaeosporaceae,unidentified,unidentified
ASV_517,Fungi,Glomeromycota,Glomeromycetes,Diversisporales,Acaulosporaceae,Acaulospora,unidentified
ASV_321,Fungi,Glomeromycota,Glomeromycetes,Diversisporales,Diversisporaceae,Diversispora,unidentified
ASV_117,Fungi,Glomeromycota,Archaeosporomycetes,Archaeosporales,Archaeosporaceae,Palaeospora,Palaeospora_spainiae
ASV_711,Fungi,Glomeromycota,Glomeromycetes,Glomerales,Claroideoglomeraceae,unidentified,unidentified
ASV_199,Fungi,Glomeromycota,Archaeosporomycetes,Archaeosporales,Ambisporaceae,Ambispora,unidentified
ASV_892,Fungi,Glomeromycota,Glomeromycetes,Glomerales,Claroideoglomeraceae,unidentified,unidentified
ASV_940,Fungi,Glomeromycota,Archaeosporomycetes,Archaeosporales,Archaeosporaceae,unidentified,unidentified
ASV_261,Fungi,Glomeromycota,Archaeosporomycetes,Archaeosporales,Archaeosporaceae,unidentified,unidentified
ASV_312,Fungi,Glomeromycota,Glomeromycetes,Diversisporales,Acaulosporaceae,Acaulospora,unidentified
ASV_150,Fungi,Glomeromycota,Archaeosporomycetes,Archaeosporales,Ambisporaceae,unidentified,unidentified
ASV_448,Fungi,Glomeromycota,Glomeromycetes,Glomerales,Claroideoglomeraceae,Claroideoglomus,Claroideoglomus_claroideum
ASV_842,Fungi,Glomeromycota,Archaeosporomycetes,Archaeosporales,Archaeosporaceae,unidentified,unidentified
ASV_96,Fungi,Glomeromycota,Glomeromycetes,Diversisporales,Acaulosporaceae,Acaulospora,unidentified
ASV_772,Fungi,Glomeromycota,Glomeromycetes,Diversisporales,Diversisporaceae,Diversispora,unidentified
ASV_72,Fungi,Glomeromycota,Glomeromycetes,Diversisporales,Acaulosporaceae,Acaulospora,unidentified
ASV_875,Fungi,Glomeromycota,Glomeromycetes,Glomerales,Glomeraceae,Funneliformis,unidentified
ASV_46,Fungi,Glomeromycota,Glomeromycetes,Diversisporales,Acaulosporaceae,Acaulospora,unidentified
ASV_818,Fungi,Glomeromycota,Archaeosporomycetes,Archaeosporales,Archaeosporaceae,Palaeospora,Palaeospora_spainiae
ASV_832,Fungi,Glomeromycota,Archaeosporomycetes,Archaeosporales,Archaeosporaceae,unidentified,unidentified
ASV_204,Fungi,Glomeromycota,Glomeromycetes,Diversisporales,Diversisporaceae,unidentified,unidentified
ASV_848,Fungi,Glomeromycota,Glomeromycetes,Diversisporales,Diversisporaceae,Diversispora,Diversispora_epigaea
ASV_294,Fungi,Glomeromycota,Archaeosporomycetes,Archaeosporales,Archaeosporaceae,Palaeospora,Palaeospora_spainiae
ASV_330,Fungi,Glomeromycota,Glomeromycetes,Glomerales,Glomeraceae,Funneliformis,unidentified
ASV_381,Fungi,Glomeromycota,Glomeromycetes,Diversisporales,Diversisporaceae,Diversispora,unidentified
ASV_39,Fungi,Glomeromycota,Glomeromycetes,Diversisporales,Acaulosporaceae,Acaulospora,unidentified
ASV_666,Fungi,Glomeromycota,Archaeosporomycetes,Archaeosporales,Archaeosporaceae,unidentified,unidentified
ASV_343,Fungi,Glomeromycota,Glomeromycetes,Glomerales,Glomeraceae,unidentified,unidentified
ASV_569,Fungi,Glomeromycota,Glomeromycetes,Glomerales,Glomeraceae,Funneliformis,Funneliformis_caledonium
ASV_840,Fungi,Glomeromycota,Glomeromycetes,Diversisporales,Diversisporaceae,unidentified,unidentified
ASV_658,Fungi,Glomeromycota,Glomeromycetes,Diversisporales,Acaulosporaceae,Acaulospora,unidentified
ASV_138,Fungi,Glomeromycota,Archaeosporomycetes,Archaeosporales,Archaeosporaceae,unidentified,unidentified
ASV_614,Fungi,Glomeromycota,Glomeromycetes,Glomerales,Glomeraceae,Funneliformis,unidentified
ASV_736,Fungi,Glomeromycota,Glomeromycetes,Diversisporales,Diversisporaceae,unidentified,unidentified
ASV_755,Fungi,Glomeromycota,Glomeromycetes,Diversisporales,Diversisporaceae,unidentified,unidentified
ASV_944,Fungi,Glomeromycota,Archaeosporomycetes,Archaeosporales,Archaeosporaceae,Palaeospora,Palaeospora_spainiae
ASV_813,Fungi,Glomeromycota,Glomeromycetes,Diversisporales,Acaulosporaceae,Acaulospora,unidentified
ASV_460,Fungi,Glomeromycota,Glomeromycetes,Diversisporales,Diversisporaceae,Diversispora,Diversispora_epigaea
ASV_544,Fungi,Glomeromycota,Glomeromycetes,Diversisporales,Diversisporaceae,Diversispora,unidentified
ASV_279,Fungi,Glomeromycota,Archaeosporomycetes,Archaeosporales,Archaeosporaceae,unidentified,unidentified
ASV_315,Fungi,Glomeromycota,Glomeromycetes,Glomerales,Glomeraceae,Funneliformis,Funneliformis_mosseae
ASV_462,Fungi,Glomeromycota,Glomeromycetes,Diversisporales,Diversisporaceae,Diversispora,Diversispora_epigaea
ASV_147,Fungi,Glomeromycota,Glomeromycetes,Diversisporales,Diversisporaceae,unidentified,unidentified
ASV_85,Fungi,Glomeromycota,Glomeromycetes,Diversisporales,Acaulosporaceae,Acaulospora,unidentified
ASV_58,Fungi,Glomeromycota,Glomeromycetes,Diversisporales,Acaulosporaceae,Acaulospora,unidentified
ASV_677,Fungi,Glomeromycota,Glomeromycetes,Glomerales,Glomeraceae,Funneliformis,Funneliformis_mosseae
ASV_139,Fungi,Glomeromycota,Paraglomeromycetes,Paraglomerales,unidentified,unidentified,unidentified
ASV_520,Fungi,Glomeromycota,Glomeromycetes,Glomerales,Claroideoglomeraceae,unidentified,unidentified
ASV_83,Fungi,Glomeromycota,Glomeromycetes,Diversisporales,Diversisporaceae,Diversispora,unidentified
ASV_345,Fungi,Glomeromycota,Archaeosporomycetes,Archaeosporales,Archaeosporaceae,unidentified,unidentified
ASV_327,Fungi,Glomeromycota,Archaeosporomycetes,Archaeosporales,Archaeosporaceae,unidentified,unidentified
ASV_856,Fungi,Glomeromycota,Glomeromycetes,Glomerales,Glomeraceae,unidentified,unidentified
ASV_128,Fungi,Glomeromycota,Glomeromycetes,Diversisporales,Acaulosporaceae,Acaulospora,unidentified
ASV_212,Fungi,Glomeromycota,Archaeosporomycetes,Archaeosporales,Archaeosporaceae,Palaeospora,Palaeospora_spainiae
ASV_961,Fungi,Glomeromycota,Paraglomeromycetes,Paraglomerales,unidentified,unidentified,unidentified
ASV_800,Fungi,Glomeromycota,Archaeosporomycetes,Archaeosporales,Archaeosporaceae,unidentified,unidentified
ASV_109,Fungi,Glomeromycota,Glomeromycetes,Diversisporales,Acaulosporaceae,Acaulospora,unidentified
ASV_496,Fungi,Glomeromycota,Archaeosporomycetes,Archaeosporales,Archaeosporaceae,unidentified,unidentified
ASV_296,Fungi,Glomeromycota,Glomeromycetes,Diversisporales,Diversisporaceae,Diversispora,unidentified
ASV_600,Fungi,Glomeromycota,Glomeromycetes,Glomerales,Claroideoglomeraceae,unidentified,unidentified
ASV_405,Fungi,Glomeromycota,Archaeosporomycetes,Archaeosporales,Ambisporaceae,unidentified,unidentified
ASV_273,Fungi,Glomeromycota,Glomeromycetes,Diversisporales,Diversisporaceae,Diversispora,Diversispora_epigaea
ASV_168,Fungi,Glomeromycota,Glomeromycetes,Diversisporales,Acaulosporaceae,Acaulospora,unidentified
ASV_278,Fungi,Glomeromycota,Glomeromycetes,Diversisporales,Acaulosporaceae,Acaulospora,unidentified
ASV_956,Fungi,Glomeromycota,Glomeromycetes,Glomerales,Claroideoglomeraceae,unidentified,unidentified
ASV_967,Fungi,Glomeromycota,Archaeosporomycetes,Archaeosporales,Archaeosporaceae,unidentified,unidentified
ASV_577,Fungi,Glomeromycota,Glomeromycetes,Glomerales,Claroideoglomeraceae,Claroideoglomus,Claroideoglomus_claroideum
ASV_607,Fungi,Glomeromycota,Archaeosporomycetes,Archaeosporales,Archaeosporaceae,Palaeospora,Palaeospora_spainiae
ASV_445,Fungi,Glomeromycota,Glomeromycetes,Gigasporales,Gigasporaceae,Cetraspora,unidentified
ASV_553,Fungi,Glomeromycota,Glomeromycetes,Diversisporales,Diversisporaceae,Diversispora,Diversispora_epigaea
ASV_894,Fungi,Glomeromycota,Glomeromycetes,Glomerales,Glomeraceae,unidentified,unidentified
ASV_247,Fungi,Glomeromycota,Archaeosporomycetes,Archaeosporales,Archaeosporaceae,Palaeospora,Palaeospora_spainiae
ASV_524,Fungi,Glomeromycota,Glomeromycetes,Glomerales,Glomeraceae,Funneliformis,Funneliformis_mosseae
ASV_313,Fungi,Glomeromycota,Paraglomeromycetes,Paraglomerales,unidentified,unidentified,unidentified
ASV_98,Fungi,Glomeromycota,Archaeosporomycetes,Archaeosporales,Archaeosporaceae,Palaeospora,Palaeospora_spainiae
ASV_475,Fungi,Glomeromycota,Paraglomeromycetes,Paraglomerales,unidentified,unidentified,unidentified
ASV_87,Fungi,Glomeromycota,Glomeromycetes,Glomerales,Glomeraceae,Funneliformis,unidentified
ASV_446,Fungi,Glomeromycota,Glomeromycetes,Glomerales,Glomeraceae,Funneliformis,Funneliformis_mosseae
ASV_766,Fungi,Glomeromycota,Glomeromycetes,Diversisporales,Acaulosporaceae,Acaulospora,unidentified
ASV_26,Fungi,Glomeromycota,Glomeromycetes,Diversisporales,Acaulosporaceae,Acaulospora,unidentified
ASV_933,Fungi,Glomeromycota,Archaeosporomycetes,Archaeosporales,Archaeosporaceae,unidentified,unidentified
ASV_889,Fungi,Glomeromycota,Glomeromycetes,Glomerales,Claroideoglomeraceae,unidentified,unidentified
ASV_186,Fungi,Glomeromycota,Glomeromycetes,Diversisporales,Acaulosporaceae,unidentified,unidentified
ASV_625,Fungi,Glomeromycota,Archaeosporomycetes,Archaeosporales,Archaeosporaceae,unidentified,unidentified
ASV_385,Fungi,Glomeromycota,Archaeosporomycetes,Archaeosporales,Archaeosporaceae,unidentified,unidentified
ASV_521,Fungi,Glomeromycota,Glomeromycetes,Glomerales,Glomeraceae,Funneliformis,Funneliformis_caledonium
ASV_419,Fungi,Glomeromycota,Glomeromycetes,Glomerales,Glomeraceae,unidentified,unidentified
ASV_891,Fungi,Glomeromycota,Archaeosporomycetes,Archaeosporales,Archaeosporaceae,unidentified,unidentified
ASV_165,Fungi,Glomeromycota,Glomeromycetes,Diversisporales,Acaulosporaceae,Acaulospora,unidentified
ASV_789,Fungi,Glomeromycota,Glomeromycetes,Diversisporales,Diversisporaceae,Diversispora,unidentified
ASV_885,Fungi,Glomeromycota,Archaeosporomycetes,Archaeosporales,Archaeosporaceae,unidentified,unidentified
ASV_601,Fungi,Glomeromycota,Glomeromycetes,Diversisporales,Acaulosporaceae,Acaulospora,unidentified
ASV_239,Fungi,Glomeromycota,Glomeromycetes,Diversisporales,Acaulosporaceae,Acaulospora,unidentified
ASV_418,Fungi,Glomeromycota,Glomeromycetes,Diversisporales,Diversisporaceae,Diversispora,unidentified
ASV_242,Fungi,Glomeromycota,Glomeromycetes,Diversisporales,Diversisporaceae,unidentified,unidentified
ASV_410,Fungi,Glomeromycota,Glomeromycetes,Glomerales,Glomeraceae,Funneliformis,Funneliformis_caledonium
ASV_724,Fungi,Glomeromycota,Archaeosporomycetes,Archaeosporales,Archaeosporaceae,unidentified,unidentified
ASV_611,Fungi,Glomeromycota,Archaeosporomycetes,Archaeosporales,Archaeosporaceae,unidentified,unidentified
ASV_964,Fungi,Glomeromycota,Glomeromycetes,Glomerales,Claroideoglomeraceae,unidentified,unidentified
ASV_414,Fungi,Glomeromycota,Paraglomeromycetes,Paraglomerales,unidentified,unidentified,unidentified
ASV_631,Fungi,Glomeromycota,Glomeromycetes,Diversisporales,Diversisporaceae,Diversispora,unidentified
ASV_249,Fungi,Glomeromycota,Glomeromycetes,Glomerales,Claroideoglomeraceae,unidentified,unidentified
ASV_156,Fungi,Glomeromycota,Glomeromycetes,Diversisporales,Diversisporaceae,Diversispora,unidentified
ASV_684,Fungi,Glomeromycota,Glomeromycetes,Diversisporales,Acaulosporaceae,Acaulospora,unidentified
ASV_24,Fungi,Glomeromycota,Paraglomeromycetes,Paraglomerales,unidentified,unidentified,unidentified
ASV_74,Fungi,Glomeromycota,Archaeosporomycetes,Archaeosporales,Archaeosporaceae,unidentified,unidentified
ASV_610,Fungi,Glomeromycota,Glomeromycetes,Diversisporales,Acaulosporaceae,Acaulospora,unidentified
ASV_341,Fungi,Glomeromycota,Glomeromycetes,Diversisporales,Acaulosporaceae,Acaulospora,unidentified
ASV_523,Fungi,Glomeromycota,Archaeosporomycetes,Archaeosporales,Archaeosporaceae,unidentified,unidentified
ASV_412,Fungi,Glomeromycota,Archaeosporomycetes,Archaeosporales,Archaeosporaceae,Palaeospora,Palaeospora_spainiae
ASV_290,Fungi,Glomeromycota,Glomeromycetes,Diversisporales,Diversisporaceae,Diversispora,unidentified
ASV_314,Fungi,Glomeromycota,Glomeromycetes,Diversisporales,Diversisporaceae,unidentified,unidentified
ASV_388,Fungi,Glomeromycota,Glomeromycetes,Glomerales,Glomeraceae,Funneliformis,Funneliformis_caledonium
ASV_986,Fungi,Glomeromycota,Archaeosporomycetes,Archaeosporales,Archaeosporaceae,unidentified,unidentified
ASV_692,Fungi,Glomeromycota,Glomeromycetes,Gigasporales,Gigasporaceae,Cetraspora,unidentified
ASV_954,Fungi,Glomeromycota,Glomeromycetes,Diversisporales,Diversisporaceae,unidentified,unidentified
ASV_198,Fungi,Glomeromycota,Archaeosporomycetes,Archaeosporales,Archaeosporaceae,Palaeospora,Palaeospora_spainiae
ASV_482,Fungi,Glomeromycota,Archaeosporomycetes,Archaeosporales,Archaeosporaceae,unidentified,unidentified
ASV_757,Fungi,Glomeromycota,Archaeosporomycetes,Archaeosporales,Archaeosporaceae,unidentified,unidentified
ASV_17,Fungi,Glomeromycota,Glomeromycetes,Diversisporales,Acaulosporaceae,Acaulospora,unidentified
ASV_157,Fungi,Glomeromycota,Glomeromycetes,Glomerales,Glomeraceae,Funneliformis,Funneliformis_mosseae
ASV_971,Fungi,Glomeromycota,Archaeosporomycetes,Archaeosporales,Archaeosporaceae,Palaeospora,Palaeospora_spainiae
ASV_498,Fungi,Glomeromycota,Glomeromycetes,Diversisporales,Acaulosporaceae,Acaulospora,unidentified
ASV_438,Fungi,Glomeromycota,Glomeromycetes,Gigasporales,Gigasporaceae,Cetraspora,unidentified
ASV_225,Fungi,Glomeromycota,Glomeromycetes,Diversisporales,Acaulosporaceae,Acaulospora,unidentified
ASV_298,Fungi,Glomeromycota,Glomeromycetes,Diversisporales,Acaulosporaceae,Acaulospora,unidentified
ASV_941,Fungi,Glomeromycota,Archaeosporomycetes,Archaeosporales,Archaeosporaceae,unidentified,unidentified
ASV_310,Fungi,Glomeromycota,Archaeosporomycetes,Archaeosporales,Archaeosporaceae,Palaeospora,Palaeospora_spainiae
ASV_351,Fungi,Glomeromycota,Archaeosporomycetes,Archaeosporales,Archaeosporaceae,unidentified,unidentified
ASV_67,Fungi,Glomeromycota,Glomeromycetes,Diversisporales,Acaulosporaceae,Acaulospora,unidentified
ASV_120,Fungi,Glomeromycota,Glomeromycetes,Glomerales,Claroideoglomeraceae,unidentified,unidentified
ASV_866,Fungi,Glomeromycota,Glomeromycetes,Diversisporales,Acaulosporaceae,Acaulospora,unidentified
ASV_43,Fungi,Glomeromycota,Glomeromycetes,Diversisporales,Acaulosporaceae,Acaulospora,unidentified
ASV_720,Fungi,Glomeromycota,Glomeromycetes,Diversisporales,Acaulosporaceae,Acaulospora,unidentified
ASV_669,Fungi,Glomeromycota,Archaeosporomycetes,Archaeosporales,Ambisporaceae,Ambispora,unidentified
ASV_12,Fungi,Glomeromycota,Archaeosporomycetes,Archaeosporales,Archaeosporaceae,unidentified,unidentified
ASV_92,Fungi,Glomeromycota,Glomeromycetes,Diversisporales,Acaulosporaceae,Acaulospora,unidentified
ASV_492,Fungi,Glomeromycota,Glomeromycetes,Glomerales,Glomeraceae,Funneliformis,unidentified
ASV_536,Fungi,Glomeromycota,Glomeromycetes,Glomerales,Glomeraceae,unidentified,unidentified
ASV_906,Fungi,Glomeromycota,Glomeromycetes,Glomerales,Glomeraceae,Funneliformis,Funneliformis_mosseae
ASV_504,Fungi,Glomeromycota,Glomeromycetes,Diversisporales,Acaulosporaceae,Acaulospora,unidentified
ASV_685,Fungi,Glomeromycota,Archaeosporomycetes,Archaeosporales,Archaeosporaceae,Palaeospora,Palaeospora_spainiae
ASV_920,Fungi,Glomeromycota,Archaeosporomycetes,Archaeosporales,Archaeosporaceae,unidentified,unidentified
ASV_8,Fungi,Glomeromycota,Glomeromycetes,Diversisporales,Acaulosporaceae,Acaulospora,unidentified
ASV_226,Fungi,Glomeromycota,Paraglomeromycetes,Paraglomerales,unidentified,unidentified,unidentified
ASV_776,Fungi,Glomeromycota,Glomeromycetes,Gigasporales,Gigasporaceae,Cetraspora,unidentified
ASV_219,Fungi,Glomeromycota,Archaeosporomycetes,Archaeosporales,Archaeosporaceae,Palaeospora,Palaeospora_spainiae
ASV_281,Fungi,Glomeromycota,Archaeosporomycetes,Archaeosporales,Archaeosporaceae,unidentified,unidentified
ASV_177,Fungi,Glomeromycota,Glomeromycetes,Diversisporales,Acaulosporaceae,Acaulospora,unidentified
ASV_91,Fungi,Glomeromycota,Glomeromycetes,Diversisporales,Acaulosporaceae,Acaulospora,unidentified
ASV_169,Fungi,Glomeromycota,Glomeromycetes,Diversisporales,Acaulosporaceae,unidentified,unidentified
ASV_793,Fungi,Glomeromycota,Archaeosporomycetes,Archaeosporales,Archaeosporaceae,unidentified,unidentified
ASV_881,Fungi,Glomeromycota,Archaeosporomycetes,Archaeosporales,Archaeosporaceae,unidentified,unidentified
ASV_304,Fungi,Glomeromycota,Glomeromycetes,Diversisporales,Diversisporaceae,Diversispora,unidentified
ASV_288,Fungi,Glomeromycota,Archaeosporomycetes,Archaeosporales,Archaeosporaceae,Palaeospora,Palaeospora_spainiae
ASV_271,Fungi,Glomeromycota,Glomeromycetes,Glomerales,Glomeraceae,Funneliformis,Funneliformis_mosseae
ASV_668,Fungi,Glomeromycota,Archaeosporomycetes,Archaeosporales,Archaeosporaceae,Palaeospora,Palaeospora_spainiae
ASV_812,Fungi,Glomeromycota,Glomeromycetes,Diversisporales,Acaulosporaceae,Acaulospora,unidentified
ASV_952,Fungi,Glomeromycota,Glomeromycetes,Diversisporales,Diversisporaceae,unidentified,unidentified
ASV_670,Fungi,Glomeromycota,Glomeromycetes,Glomerales,Glomeraceae,Funneliformis,unidentified
ASV_782,Fungi,Glomeromycota,Glomeromycetes,Glomerales,Glomeraceae,Funneliformis,Funneliformis_mosseae
ASV_615,Fungi,Glomeromycota,Glomeromycetes,Diversisporales,Diversisporaceae,Diversispora,unidentified
ASV_295,Fungi,Glomeromycota,Glomeromycetes,Diversisporales,Acaulosporaceae,Acaulospora,unidentified
ASV_116,Fungi,Glomeromycota,Glomeromycetes,Diversisporales,Diversisporaceae,Diversispora,unidentified
ASV_167,Fungi,Glomeromycota,Glomeromycetes,Glomerales,Glomeraceae,Funneliformis,Funneliformis_mosseae
ASV_821,Fungi,Glomeromycota,Glomeromycetes,Diversisporales,Acaulosporaceae,unidentified,unidentified
ASV_786,Fungi,Glomeromycota,Glomeromycetes,Diversisporales,Diversisporaceae,Diversispora,Diversispora_epigaea
ASV_652,Fungi,Glomeromycota,Archaeosporomycetes,Archaeosporales,Archaeosporaceae,unidentified,unidentified
ASV_355,Fungi,Glomeromycota,Archaeosporomycetes,Archaeosporales,Archaeosporaceae,unidentified,unidentified
ASV_797,Fungi,Glomeromycota,Glomeromycetes,Glomerales,Claroideoglomeraceae,Claroideoglomus,Claroideoglomus_claroideum
ASV_527,Fungi,Glomeromycota,Glomeromycetes,Diversisporales,Acaulosporaceae,Acaulospora,unidentified
ASV_865,Fungi,Glomeromycota,Archaeosporomycetes,Archaeosporales,Archaeosporaceae,unidentified,unidentified
ASV_453,Fungi,Glomeromycota,Archaeosporomycetes,Archaeosporales,Archaeosporaceae,unidentified,unidentified
ASV_407,Fungi,Glomeromycota,Glomeromycetes,Glomerales,Claroideoglomeraceae,unidentified,unidentified
ASV_803,Fungi,Glomeromycota,Glomeromycetes,Diversisporales,Acaulosporaceae,unidentified,unidentified
ASV_465,Fungi,Glomeromycota,Glomeromycetes,Diversisporales,Acaulosporaceae,Acaulospora,unidentified
ASV_843,Fungi,Glomeromycota,Paraglomeromycetes,Paraglomerales,unidentified,unidentified,unidentified
ASV_505,Fungi,Glomeromycota,Glomeromycetes,Diversisporales,Acaulosporaceae,Acaulospora,unidentified
ASV_883,Fungi,Glomeromycota,Archaeosporomycetes,Archaeosporales,Archaeosporaceae,Palaeospora,Palaeospora_spainiae
ASV_88,Fungi,Glomeromycota,Glomeromycetes,Diversisporales,Acaulosporaceae,Acaulospora,unidentified
ASV_830,Fungi,Glomeromycota,Glomeromycetes,Glomerales,Claroideoglomeraceae,unidentified,unidentified
ASV_259,Fungi,Glomeromycota,Glomeromycetes,Diversisporales,Acaulosporaceae,unidentified,unidentified
ASV_651,Fungi,Glomeromycota,Glomeromycetes,Glomerales,Claroideoglomeraceae,Claroideoglomus,Claroideoglomus_claroideum
ASV_349,Fungi,Glomeromycota,Paraglomeromycetes,Paraglomerales,unidentified,unidentified,unidentified
ASV_898,Fungi,Glomeromycota,Glomeromycetes,Glomerales,Claroideoglomeraceae,unidentified,unidentified
ASV_374,Fungi,Glomeromycota,Glomeromycetes,Diversisporales,Acaulosporaceae,Acaulospora,unidentified
ASV_878,Fungi,Glomeromycota,Glomeromycetes,Gigasporales,Gigasporaceae,Gigaspora,unidentified
ASV_790,Fungi,Glomeromycota,Archaeosporomycetes,Archaeosporales,Archaeosporaceae,unidentified,unidentified
ASV_386,Fungi,Glomeromycota,Glomeromycetes,Diversisporales,Diversisporaceae,unidentified,unidentified
ASV_13,Fungi,Glomeromycota,Glomeromycetes,Glomerales,Glomeraceae,Funneliformis,Funneliformis_mosseae
ASV_180,Fungi,Glomeromycota,Glomeromycetes,Diversisporales,Diversisporaceae,unidentified,unidentified
ASV_758,Fungi,Glomeromycota,Glomeromycetes,Glomerales,Claroideoglomeraceae,unidentified,unidentified
ASV_122,Fungi,Glomeromycota,Glomeromycetes,Diversisporales,Acaulosporaceae,Acaulospora,unidentified
ASV_51,Fungi,Glomeromycota,Glomeromycetes,Diversisporales,Acaulosporaceae,Acaulospora,unidentified
ASV_437,Fungi,Glomeromycota,Glomeromycetes,Diversisporales,Diversisporaceae,unidentified,unidentified
ASV_110,Fungi,Glomeromycota,Glomeromycetes,Glomerales,Glomeraceae,Funneliformis,Funneliformis_mosseae
ASV_232,Fungi,Glomeromycota,Glomeromycetes,Diversisporales,Acaulosporaceae,Acaulospora,unidentified
ASV_526,Fungi,Glomeromycota,Glomeromycetes,Glomerales,Claroideoglomeraceae,unidentified,unidentified
ASV_133,Fungi,Glomeromycota,Glomeromycetes,Glomerales,Claroideoglomeraceae,unidentified,unidentified
ASV_364,Fungi,Glomeromycota,Glomeromycetes,Diversisporales,Acaulosporaceae,Acaulospora,unidentified
ASV_471,Fungi,Glomeromycota,Glomeromycetes,Glomerales,Glomeraceae,Funneliformis,unidentified
ASV_129,Fungi,Glomeromycota,Paraglomeromycetes,Paraglomerales,unidentified,unidentified,unidentified
ASV_528,Fungi,Glomeromycota,Glomeromycetes,Diversisporales,Acaulosporaceae,Acaulospora,unidentified
ASV_587,Fungi,Glomeromycota,Glomeromycetes,Diversisporales,Diversisporaceae,Diversispora,unidentified
ASV_375,Fungi,Glomeromycota,Glomeromycetes,Diversisporales,Acaulosporaceae,Acaulospora,unidentified
ASV_519,Fungi,Glomeromycota,Glomeromycetes,Diversisporales,Diversisporaceae,Diversispora,unidentified
ASV_340,Fungi,Glomeromycota,Glomeromycetes,Diversisporales,Diversisporaceae,unidentified,unidentified
ASV_874,Fungi,Glomeromycota,Archaeosporomycetes,Archaeosporales,Archaeosporaceae,unidentified,unidentified
ASV_770,Fungi,Glomeromycota,Glomeromycetes,Diversisporales,Diversisporaceae,Diversispora,unidentified
ASV_745,Fungi,Glomeromycota,Glomeromycetes,Diversisporales,Acaulosporaceae,unidentified,unidentified
ASV_882,Fungi,Glomeromycota,Glomeromycetes,Diversisporales,Diversisporaceae,unidentified,unidentified
ASV_118,Fungi,Glomeromycota,Archaeosporomycetes,Archaeosporales,Archaeosporaceae,Palaeospora,Palaeospora_spainiae
ASV_983,Fungi,Glomeromycota,Glomeromycetes,Glomerales,Glomeraceae,Dominikia,unidentified
ASV_960,Fungi,Glomeromycota,Archaeosporomycetes,Archaeosporales,Archaeosporaceae,unidentified,unidentified
ASV_162,Fungi,Glomeromycota,Paraglomeromycetes,Paraglomerales,Paraglomeraceae,Paraglomus,unidentified
ASV_802,Fungi,Glomeromycota,Glomeromycetes,Diversisporales,Acaulosporaceae,Acaulospora,unidentified
ASV_593,Fungi,Glomeromycota,Archaeosporomycetes,Archaeosporales,Archaeosporaceae,Palaeospora,Palaeospora_spainiae
ASV_223,Fungi,Glomeromycota,Archaeosporomycetes,Archaeosporales,Archaeosporaceae,unidentified,unidentified
ASV_808,Fungi,Glomeromycota,Archaeosporomycetes,Archaeosporales,Archaeosporaceae,Palaeospora,Palaeospora_spainiae
ASV_272,Fungi,Glomeromycota,Glomeromycetes,Diversisporales,Acaulosporaceae,Acaulospora,unidentified
ASV_506,Fungi,Glomeromycota,Archaeosporomycetes,Archaeosporales,Archaeosporaceae,Palaeospora,Palaeospora_spainiae
ASV_260,Fungi,Glomeromycota,Glomeromycetes,Diversisporales,Acaulosporaceae,Acaulospora,unidentified
ASV_640,Fungi,Glomeromycota,Glomeromycetes,Diversisporales,Diversisporaceae,unidentified,unidentified
ASV_512,Fungi,Glomeromycota,Glomeromycetes,Diversisporales,Diversisporaceae,Diversispora,unidentified
ASV_107,Fungi,Glomeromycota,Glomeromycetes,Glomerales,Claroideoglomeraceae,unidentified,unidentified
ASV_376,Fungi,Glomeromycota,Glomeromycetes,Diversisporales,Acaulosporaceae,unidentified,unidentified
ASV_529,Fungi,Glomeromycota,Glomeromycetes,Diversisporales,Acaulosporaceae,Acaulospora,unidentified
ASV_648,Fungi,Glomeromycota,Archaeosporomycetes,Archaeosporales,Archaeosporaceae,unidentified,unidentified
ASV_788,Fungi,Glomeromycota,Glomeromycetes,Glomerales,Claroideoglomeraceae,unidentified,unidentified
ASV_103,Fungi,Glomeromycota,Glomeromycetes,Diversisporales,Acaulosporaceae,Acaulospora,unidentified
ASV_902,Fungi,Glomeromycota,Glomeromycetes,Glomerales,Claroideoglomeraceae,unidentified,unidentified
ASV_836,Fungi,Glomeromycota,Archaeosporomycetes,Archaeosporales,Ambisporaceae,Ambispora,unidentified
ASV_753,Fungi,Glomeromycota,Archaeosporomycetes,Archaeosporales,Archaeosporaceae,unidentified,unidentified
ASV_740,Fungi,Glomeromycota,Archaeosporomycetes,Archaeosporales,Archaeosporaceae,Archaeospora,unidentified
ASV_151,Fungi,Glomeromycota,Glomeromycetes,Diversisporales,Acaulosporaceae,Acaulospora,unidentified
ASV_913,Fungi,Glomeromycota,Archaeosporomycetes,Archaeosporales,Archaeosporaceae,unidentified,unidentified
ASV_365,Fungi,Glomeromycota,Glomeromycetes,Glomerales,Glomeraceae,Funneliformis,Funneliformis_mosseae
ASV_210,Fungi,Glomeromycota,Glomeromycetes,Diversisporales,Acaulosporaceae,Acaulospora,unidentified
ASV_557,Fungi,Glomeromycota,Archaeosporomycetes,Archaeosporales,Archaeosporaceae,unidentified,unidentified
ASV_142,Fungi,Glomeromycota,Glomeromycetes,Diversisporales,Acaulosporaceae,Acaulospora,unidentified
ASV_683,Fungi,Glomeromycota,Glomeromycetes,Diversisporales,Acaulosporaceae,Acaulospora,unidentified
ASV_16,Fungi,Glomeromycota,Glomeromycetes,Diversisporales,Acaulosporaceae,Acaulospora,unidentified
ASV_653,Fungi,Glomeromycota,Glomeromycetes,Diversisporales,Diversisporaceae,Diversispora,Diversispora_epigaea
ASV_583,Fungi,Glomeromycota,Archaeosporomycetes,Archaeosporales,Ambisporaceae,Ambispora,unidentified
ASV_917,Fungi,Glomeromycota,Glomeromycetes,Glomerales,Claroideoglomeraceae,unidentified,unidentified
ASV_104,Fungi,Glomeromycota,Glomeromycetes,Diversisporales,Acaulosporaceae,Acaulospora,unidentified
ASV_515,Fungi,Glomeromycota,Glomeromycetes,Glomerales,Glomeraceae,Funneliformis,Funneliformis_mosseae
ASV_681,Fungi,Glomeromycota,Glomeromycetes,Glomerales,Glomeraceae,Funneliformis,Funneliformis_caledonium
ASV_937,Fungi,Glomeromycota,Archaeosporomycetes,Archaeosporales,Archaeosporaceae,Palaeospora,Palaeospora_spainiae
ASV_735,Fungi,Glomeromycota,Archaeosporomycetes,Archaeosporales,Archaeosporaceae,Palaeospora,Palaeospora_spainiae
ASV_45,Fungi,Glomeromycota,Archaeosporomycetes,Archaeosporales,Archaeosporaceae,Palaeospora,Palaeospora_spainiae
ASV_135,Fungi,Glomeromycota,Glomeromycetes,Diversisporales,Diversisporaceae,Diversispora,unidentified
ASV_131,Fungi,Glomeromycota,Glomeromycetes,Diversisporales,Acaulosporaceae,Acaulospora,unidentified
ASV_538,Fungi,Glomeromycota,Glomeromycetes,Diversisporales,Diversisporaceae,unidentified,unidentified
ASV_534,Fungi,Glomeromycota,Paraglomeromycetes,Paraglomerales,unidentified,unidentified,unidentified
ASV_348,Fungi,Glomeromycota,Glomeromycetes,Diversisporales,Diversisporaceae,unidentified,unidentified
ASV_115,Fungi,Glomeromycota,Glomeromycetes,Diversisporales,Acaulosporaceae,Acaulospora,unidentified
ASV_705,Fungi,Glomeromycota,Archaeosporomycetes,Archaeosporales,Archaeosporaceae,Palaeospora,Palaeospora_spainiae
ASV_597,Fungi,Glomeromycota,Glomeromycetes,Glomerales,Glomeraceae,unidentified,unidentified
ASV_690,Fungi,Glomeromycota,Glomeromycetes,Gigasporales,Gigasporaceae,Cetraspora,unidentified
ASV_188,Fungi,Glomeromycota,Paraglomeromycetes,Paraglomerales,unidentified,unidentified,unidentified
ASV_467,Fungi,Glomeromycota,Glomeromycetes,Diversisporales,Diversisporaceae,unidentified,unidentified
ASV_661,Fungi,Glomeromycota,Glomeromycetes,Glomerales,Glomeraceae,Funneliformis,Funneliformis_caledonium
ASV_827,Fungi,Glomeromycota,Paraglomeromycetes,Paraglomerales,unidentified,unidentified,unidentified
ASV_334,Fungi,Glomeromycota,Paraglomeromycetes,Paraglomerales,unidentified,unidentified,unidentified
ASV_390,Fungi,Glomeromycota,Paraglomeromycetes,Paraglomerales,unidentified,unidentified,unidentified
ASV_743,Fungi,Glomeromycota,Glomeromycetes,Glomerales,Claroideoglomeraceae,unidentified,unidentified
ASV_859,Fungi,Glomeromycota,Glomeromycetes,Glomerales,Claroideoglomeraceae,Claroideoglomus,Claroideoglomus_claroideum
ASV_2,Fungi,Glomeromycota,Glomeromycetes,Diversisporales,Acaulosporaceae,Acaulospora,unidentified
ASV_47,Fungi,Glomeromycota,Glomeromycetes,Glomerales,Glomeraceae,Funneliformis,Funneliformis_mosseae
ASV_488,Fungi,Glomeromycota,Paraglomeromycetes,Paraglomerales,unidentified,unidentified,unidentified
ASV_197,Fungi,Glomeromycota,Paraglomeromycetes,Paraglomerales,unidentified,unidentified,unidentified
ASV_828,Fungi,Glomeromycota,Glomeromycetes,Diversisporales,Diversisporaceae,unidentified,unidentified
ASV_100,Fungi,Glomeromycota,Glomeromycetes,Diversisporales,Acaulosporaceae,Acaulospora,unidentified
ASV_113,Fungi,Glomeromycota,Archaeosporomycetes,Archaeosporales,Archaeosporaceae,unidentified,unidentified
ASV_671,Fungi,Glomeromycota,Archaeosporomycetes,Archaeosporales,Archaeosporaceae,unidentified,unidentified
ASV_130,Fungi,Glomeromycota,Glomeromycetes,Glomerales,Claroideoglomeraceae,unidentified,unidentified
ASV_28,Fungi,Glomeromycota,Glomeromycetes,Diversisporales,Acaulosporaceae,Acaulospora,unidentified
ASV_463,Fungi,Glomeromycota,Glomeromycetes,Glomerales,Glomeraceae,unidentified,unidentified
ASV_140,Fungi,Glomeromycota,Paraglomeromycetes,Paraglomerales,unidentified,unidentified,unidentified
ASV_77,Fungi,Glomeromycota,Archaeosporomycetes,Archaeosporales,Archaeosporaceae,unidentified,unidentified
ASV_93,Fungi,Glomeromycota,Paraglomeromycetes,Paraglomerales,unidentified,unidentified,unidentified
ASV_25,Fungi,Glomeromycota,Paraglomeromycetes,Paraglomerales,unidentified,unidentified,unidentified
ASV_30,Fungi,Glomeromycota,Glomeromycetes,Diversisporales,Acaulosporaceae,Acaulospora,unidentified
ASV_55,Fungi,Glomeromycota,Paraglomeromycetes,Paraglomerales,unidentified,unidentified,unidentified
ASV_829,Fungi,Glomeromycota,Glomeromycetes,Glomerales,Claroideoglomeraceae,unidentified,unidentified
ASV_562,Fungi,Glomeromycota,Archaeosporomycetes,Archaeosporales,Archaeosporaceae,unidentified,unidentified
ASV_946,Fungi,Glomeromycota,Glomeromycetes,Diversisporales,Diversisporaceae,Diversispora,unidentified
ASV_857,Fungi,Glomeromycota,Glomeromycetes,Diversisporales,Acaulosporaceae,unidentified,unidentified
ASV_588,Fungi,Glomeromycota,Archaeosporomycetes,Archaeosporales,Archaeosporaceae,unidentified,unidentified
ASV_581,Fungi,Glomeromycota,Glomeromycetes,Diversisporales,Diversisporaceae,unidentified,unidentified
ASV_649,Fungi,Glomeromycota,Archaeosporomycetes,Archaeosporales,Archaeosporaceae,Palaeospora,Palaeospora_spainiae
ASV_358,Fungi,Glomeromycota,Glomeromycetes,Diversisporales,Diversisporaceae,Diversispora,unidentified
ASV_879,Fungi,Glomeromycota,Glomeromycetes,Glomerales,Claroideoglomeraceae,unidentified,unidentified
ASV_457,Fungi,Glomeromycota,Glomeromycetes,Diversisporales,Acaulosporaceae,Acaulospora,unidentified
ASV_959,Fungi,Glomeromycota,Glomeromycetes,Glomerales,Glomeraceae,Dominikia,unidentified
ASV_695,Fungi,Glomeromycota,Paraglomeromycetes,Paraglomerales,unidentified,unidentified,unidentified
ASV_442,Fungi,Glomeromycota,Glomeromycetes,Glomerales,Claroideoglomeraceae,unidentified,unidentified
ASV_854,Fungi,Glomeromycota,Glomeromycetes,Diversisporales,Diversisporaceae,Diversispora,Diversispora_epigaea
ASV_337,Fungi,Glomeromycota,Glomeromycetes,Glomerales,Glomeraceae,Funneliformis,Funneliformis_caledonium
ASV_815,Fungi,Glomeromycota,Archaeosporomycetes,Archaeosporales,Ambisporaceae,unidentified,unidentified
ASV_754,Fungi,Glomeromycota,Archaeosporomycetes,Archaeosporales,Archaeosporaceae,Palaeospora,Palaeospora_spainiae
ASV_617,Fungi,Glomeromycota,Archaeosporomycetes,Archaeosporales,Archaeosporaceae,unidentified,unidentified
ASV_368,Fungi,Glomeromycota,Paraglomeromycetes,Paraglomerales,unidentified,unidentified,unidentified
ASV_458,Fungi,Glomeromycota,Glomeromycetes,Diversisporales,Diversisporaceae,Diversispora,unidentified
ASV_672,Fungi,Glomeromycota,Glomeromycetes,Diversisporales,Acaulosporaceae,Acaulospora,unidentified
ASV_148,Fungi,Glomeromycota,Glomeromycetes,Glomerales,Glomeraceae,Funneliformis,Funneliformis_mosseae
ASV_263,Fungi,Glomeromycota,Glomeromycetes,Diversisporales,Acaulosporaceae,Acaulospora,unidentified
ASV_192,Fungi,Glomeromycota,Glomeromycetes,Diversisporales,Acaulosporaceae,unidentified,unidentified
ASV_969,Fungi,Glomeromycota,Glomeromycetes,Glomerales,Claroideoglomeraceae,unidentified,unidentified
ASV_877,Fungi,Glomeromycota,Glomeromycetes,Glomerales,Claroideoglomeraceae,Claroideoglomus,Claroideoglomus_claroideum
ASV_696,Fungi,Glomeromycota,Paraglomeromycetes,Paraglomerales,unidentified,unidentified,unidentified
ASV_266,Fungi,Glomeromycota,Glomeromycetes,Diversisporales,Diversisporaceae,Diversispora,unidentified
ASV_317,Fungi,Glomeromycota,Glomeromycetes,Diversisporales,Diversisporaceae,unidentified,unidentified
ASV_586,Fungi,Glomeromycota,Glomeromycetes,Glomerales,Claroideoglomeraceae,Claroideoglomus,Claroideoglomus_claroideum
ASV_560,Fungi,Glomeromycota,Glomeromycetes,Diversisporales,Acaulosporaceae,Acaulospora,unidentified
ASV_535,Fungi,Glomeromycota,Glomeromycetes,Diversisporales,Diversisporaceae,unidentified,unidentified
ASV_739,Fungi,Glomeromycota,Glomeromycetes,Diversisporales,Diversisporaceae,Diversispora,unidentified
ASV_932,Fungi,Glomeromycota,Paraglomeromycetes,Paraglomerales,unidentified,unidentified,unidentified
ASV_7,Fungi,Glomeromycota,Glomeromycetes,Diversisporales,Acaulosporaceae,Acaulospora,unidentified
ASV_63,Fungi,Glomeromycota,Glomeromycetes,Diversisporales,Acaulosporaceae,Acaulospora,unidentified
ASV_36,Fungi,Glomeromycota,Glomeromycetes,Diversisporales,Acaulosporaceae,Acaulospora,unidentified
ASV_194,Fungi,Glomeromycota,Paraglomeromycetes,Paraglomerales,unidentified,unidentified,unidentified
ASV_603,Fungi,Glomeromycota,Glomeromycetes,Glomerales,Claroideoglomeraceae,unidentified,unidentified
ASV_831,Fungi,Glomeromycota,Glomeromycetes,Diversisporales,Diversisporaceae,Diversispora,unidentified
ASV_59,Fungi,Glomeromycota,Glomeromycetes,Diversisporales,Acaulosporaceae,Acaulospora,unidentified
ASV_510,Fungi,Glomeromycota,Glomeromycetes,Diversisporales,Acaulosporaceae,Acaulospora,unidentified
ASV_387,Fungi,Glomeromycota,Glomeromycetes,Diversisporales,Acaulosporaceae,Acaulospora,unidentified
ASV_174,Fungi,Glomeromycota,Glomeromycetes,Diversisporales,Diversisporaceae,unidentified,unidentified
ASV_861,Fungi,Glomeromycota,Glomeromycetes,Diversisporales,Acaulosporaceae,Acaulospora,unidentified
ASV_915,Fungi,Glomeromycota,Glomeromycetes,Glomerales,Glomeraceae,Funneliformis,Funneliformis_caledonium
ASV_420,Fungi,Glomeromycota,Glomeromycetes,Diversisporales,Acaulosporaceae,Acaulospora,unidentified
ASV_516,Fungi,Glomeromycota,Archaeosporomycetes,Archaeosporales,Archaeosporaceae,unidentified,unidentified
ASV_114,Fungi,Glomeromycota,Glomeromycetes,Diversisporales,Acaulosporaceae,Acaulospora,unidentified
ASV_224,Fungi,Glomeromycota,Glomeromycetes,Glomerales,Glomeraceae,unidentified,unidentified
ASV_253,Fungi,Glomeromycota,Glomeromycetes,Diversisporales,Acaulosporaceae,Acaulospora,unidentified
ASV_68,Fungi,Glomeromycota,Glomeromycetes,Diversisporales,Acaulosporaceae,Acaulospora,unidentified
ASV_950,Fungi,Glomeromycota,Glomeromycetes,Glomerales,Glomeraceae,Funneliformis,Funneliformis_mosseae
ASV_432,Fungi,Glomeromycota,Glomeromycetes,Diversisporales,Acaulosporaceae,Acaulospora,unidentified
ASV_978,Fungi,Glomeromycota,Glomeromycetes,Glomerales,Glomeraceae,unidentified,unidentified
ASV_841,Fungi,Glomeromycota,Archaeosporomycetes,Archaeosporales,Archaeosporaceae,unidentified,unidentified
ASV_618,Fungi,Glomeromycota,Glomeromycetes,Diversisporales,Acaulosporaceae,Acaulospora,unidentified
ASV_423,Fungi,Glomeromycota,Glomeromycetes,Diversisporales,Acaulosporaceae,Acaulospora,unidentified
ASV_708,Fungi,Glomeromycota,Archaeosporomycetes,Archaeosporales,Ambisporaceae,unidentified,unidentified
ASV_927,Fungi,Glomeromycota,Archaeosporomycetes,Archaeosporales,Archaeosporaceae,Palaeospora,Palaeospora_spainiae
ASV_747,Fungi,Glomeromycota,Archaeosporomycetes,Archaeosporales,Archaeosporaceae,Palaeospora,Palaeospora_spainiae
ASV_193,Fungi,Glomeromycota,Glomeromycetes,Diversisporales,Diversisporaceae,Diversispora,unidentified
ASV_704,Fungi,Glomeromycota,Paraglomeromycetes,Paraglomerales,Paraglomeraceae,Paraglomus,unidentified
ASV_105,Fungi,Glomeromycota,Paraglomeromycetes,Paraglomerales,unidentified,unidentified,unidentified
ASV_642,Fungi,Glomeromycota,Glomeromycetes,Diversisporales,Diversisporaceae,unidentified,unidentified
ASV_765,Fungi,Glomeromycota,Glomeromycetes,Diversisporales,Diversisporaceae,unidentified,unidentified
ASV_958,Fungi,Glomeromycota,Glomeromycetes,Glomerales,Glomeraceae,unidentified,unidentified
ASV_383,Fungi,Glomeromycota,Glomeromycetes,Diversisporales,Diversisporaceae,Diversispora,Diversispora_celata
ASV_76,Fungi,Glomeromycota,Glomeromycetes,Diversisporales,Acaulosporaceae,Acaulospora,unidentified
ASV_650,Fungi,Glomeromycota,Glomeromycetes,Diversisporales,Acaulosporaceae,Acaulospora,unidentified
ASV_518,Fungi,Glomeromycota,Glomeromycetes,Diversisporales,Diversisporaceae,unidentified,unidentified
ASV_318,Fungi,Glomeromycota,Glomeromycetes,Diversisporales,Diversisporaceae,unidentified,unidentified
ASV_121,Fungi,Glomeromycota,Paraglomeromycetes,Paraglomerales,unidentified,unidentified,unidentified
ASV_60,Fungi,Glomeromycota,Archaeosporomycetes,Archaeosporales,Archaeosporaceae,unidentified,unidentified
ASV_238,Fungi,Glomeromycota,Glomeromycetes,Diversisporales,Acaulosporaceae,Acaulospora,unidentified
ASV_126,Fungi,Glomeromycota,Glomeromycetes,Diversisporales,Acaulosporaceae,Acaulospora,unidentified
ASV_299,Fungi,Glomeromycota,Paraglomeromycetes,Paraglomerales,unidentified,unidentified,unidentified
ASV_297,Fungi,Glomeromycota,Glomeromycetes,Diversisporales,Diversisporaceae,unidentified,unidentified
ASV_687,Fungi,Glomeromycota,Archaeosporomycetes,Archaeosporales,Archaeosporaceae,unidentified,unidentified
ASV_676,Fungi,Glomeromycota,Glomeromycetes,Diversisporales,Diversisporaceae,unidentified,unidentified
ASV_734,Fungi,Glomeromycota,Glomeromycetes,Diversisporales,Acaulosporaceae,Acaulospora,unidentified
ASV_309,Fungi,Glomeromycota,Glomeromycetes,Diversisporales,Diversisporaceae,Diversispora,unidentified
ASV_686,Fungi,Glomeromycota,Glomeromycetes,Glomerales,Claroideoglomeraceae,unidentified,unidentified
ASV_464,Fungi,Glomeromycota,Paraglomeromycetes,Paraglomerales,unidentified,unidentified,unidentified
ASV_433,Fungi,Glomeromycota,Glomeromycetes,Diversisporales,Acaulosporaceae,Acaulospora,unidentified
ASV_379,Fungi,Glomeromycota,Glomeromycetes,Glomerales,Claroideoglomeraceae,unidentified,unidentified
ASV_571,Fungi,Glomeromycota,Glomeromycetes,Diversisporales,Diversisporaceae,Diversispora,unidentified
ASV_136,Fungi,Glomeromycota,Archaeosporomycetes,Archaeosporales,Archaeosporaceae,Palaeospora,Palaeospora_spainiae
ASV_34,Fungi,Glomeromycota,Archaeosporomycetes,Archaeosporales,Ambisporaceae,Ambispora,unidentified
ASV_474,Fungi,Glomeromycota,Glomeromycetes,Diversisporales,Diversisporaceae,Diversispora,unidentified
ASV_655,Fungi,Glomeromycota,Archaeosporomycetes,Archaeosporales,Archaeosporaceae,unidentified,unidentified
ASV_630,Fungi,Glomeromycota,Glomeromycetes,Glomerales,Glomeraceae,Funneliformis,Funneliformis_caledonium
ASV_908,Fungi,Glomeromycota,Glomeromycetes,Glomerales,Claroideoglomeraceae,unidentified,unidentified
ASV_322,Fungi,Glomeromycota,Glomeromycetes,Glomerales,Glomeraceae,Funneliformis,Funneliformis_caledonium
ASV_976,Fungi,Glomeromycota,Archaeosporomycetes,Archaeosporales,Archaeosporaceae,unidentified,unidentified
ASV_268,Fungi,Glomeromycota,Glomeromycetes,Diversisporales,Diversisporaceae,unidentified,unidentified
ASV_619,Fungi,Glomeromycota,Glomeromycetes,Diversisporales,Diversisporaceae,unidentified,unidentified
ASV_707,Fungi,Glomeromycota,Glomeromycetes,Glomerales,Claroideoglomeraceae,unidentified,unidentified
ASV_53,Fungi,Glomeromycota,Archaeosporomycetes,Archaeosporales,Archaeosporaceae,unidentified,unidentified
ASV_292,Fungi,Glomeromycota,Archaeosporomycetes,Archaeosporales,Ambisporaceae,unidentified,unidentified
ASV_476,Fungi,Glomeromycota,Glomeromycetes,Gigasporales,Gigasporaceae,Cetraspora,unidentified
ASV_632,Fungi,Glomeromycota,Archaeosporomycetes,Archaeosporales,Archaeosporaceae,unidentified,unidentified
ASV_291,Fungi,Glomeromycota,Archaeosporomycetes,Archaeosporales,Archaeosporaceae,unidentified,unidentified
ASV_723,Fungi,Glomeromycota,Glomeromycetes,Glomerales,Claroideoglomeraceae,unidentified,unidentified
ASV_1,Fungi,Glomeromycota,Paraglomeromycetes,Paraglomerales,unidentified,unidentified,unidentified
ASV_228,Fungi,Glomeromycota,Archaeosporomycetes,Archaeosporales,Archaeosporaceae,unidentified,unidentified
ASV_190,Fungi,Glomeromycota,Glomeromycetes,Glomerales,Glomeraceae,Funneliformis,Funneliformis_caledonium
ASV_14,Fungi,Glomeromycota,Paraglomeromycetes,Paraglomerales,unidentified,unidentified,unidentified
ASV_923,Fungi,Glomeromycota,Glomeromycetes,Glomerales,Claroideoglomeraceae,Claroideoglomus,Claroideoglomus_claroideum
ASV_552,Fungi,Glomeromycota,Archaeosporomycetes,Archaeosporales,Ambisporaceae,Ambispora,unidentified
ASV_4,Fungi,Glomeromycota,Glomeromycetes,Diversisporales,Acaulosporaceae,Acaulospora,unidentified
ASV_370,Fungi,Glomeromycota,Glomeromycetes,Diversisporales,Acaulosporaceae,Acaulospora,unidentified
ASV_530,Fungi,Glomeromycota,Glomeromycetes,Glomerales,Claroideoglomeraceae,unidentified,unidentified
ASV_798,Fungi,Glomeromycota,Glomeromycetes,Diversisporales,Acaulosporaceae,Acaulospora,unidentified
ASV_974,Fungi,Glomeromycota,Archaeosporomycetes,Archaeosporales,Archaeosporaceae,unidentified,unidentified
ASV_403,Fungi,Glomeromycota,Glomeromycetes,Diversisporales,Acaulosporaceae,Acaulospora,unidentified
ASV_741,Fungi,Glomeromycota,Archaeosporomycetes,Archaeosporales,Archaeosporaceae,unidentified,unidentified
ASV_3,Fungi,Glomeromycota,Paraglomeromycetes,Paraglomerales,unidentified,unidentified,unidentified
ASV_634,Fungi,Glomeromycota,Glomeromycetes,Diversisporales,Diversisporaceae,Diversispora,Diversispora_varaderana
ASV_811,Fungi,Glomeromycota,Glomeromycetes,Glomerales,Claroideoglomeraceae,unidentified,unidentified
ASV_311,Fungi,Glomeromycota,Glomeromycetes,Diversisporales,Acaulosporaceae,Acaulospora,unidentified
ASV_269,Fungi,Glomeromycota,Glomeromycetes,Glomerales,Claroideoglomeraceae,unidentified,unidentified
ASV_659,Fungi,Glomeromycota,Glomeromycetes,Glomerales,Claroideoglomeraceae,unidentified,unidentified
ASV_533,Fungi,Glomeromycota,Glomeromycetes,Glomerales,Glomeraceae,Funneliformis,Funneliformis_caledonium
ASV_565,Fungi,Glomeromycota,Glomeromycetes,Diversisporales,Acaulosporaceae,Acaulospora,unidentified
ASV_905,Fungi,Glomeromycota,Glomeromycetes,Glomerales,Claroideoglomeraceae,unidentified,unidentified
ASV_380,Fungi,Glomeromycota,Glomeromycetes,Glomerales,Glomeraceae,Funneliformis,unidentified
ASV_455,Fungi,Glomeromycota,Glomeromycetes,Diversisporales,Acaulosporaceae,Acaulospora,unidentified
ASV_172,Fungi,Glomeromycota,Paraglomeromycetes,Paraglomerales,Paraglomeraceae,Paraglomus,unidentified
ASV_763,Fungi,Glomeromycota,Glomeromycetes,Glomerales,Claroideoglomeraceae,unidentified,unidentified
ASV_862,Fungi,Glomeromycota,Paraglomeromycetes,Paraglomerales,unidentified,unidentified,unidentified
ASV_27,Fungi,Glomeromycota,Glomeromycetes,Glomerales,Glomeraceae,Funneliformis,Funneliformis_caledonium
ASV_922,Fungi,Glomeromycota,Archaeosporomycetes,Archaeosporales,Ambisporaceae,Ambispora,unidentified
ASV_948,Fungi,Glomeromycota,Archaeosporomycetes,Archaeosporales,Archaeosporaceae,unidentified,unidentified
ASV_11,Fungi,Glomeromycota,Glomeromycetes,Diversisporales,Acaulosporaceae,Acaulospora,unidentified
ASV_543,Fungi,Glomeromycota,Glomeromycetes,Glomerales,Claroideoglomeraceae,unidentified,unidentified
ASV_73,Fungi,Glomeromycota,Archaeosporomycetes,Archaeosporales,Archaeosporaceae,Palaeospora,Palaeospora_spainiae
ASV_860,Fungi,Glomeromycota,Archaeosporomycetes,Archaeosporales,Ambisporaceae,Ambispora,unidentified
ASV_867,Fungi,Glomeromycota,Archaeosporomycetes,Archaeosporales,Archaeosporaceae,unidentified,unidentified
ASV_582,Fungi,Glomeromycota,Glomeromycetes,Diversisporales,Acaulosporaceae,unidentified,unidentified
ASV_486,Fungi,Glomeromycota,Glomeromycetes,Glomerales,Glomeraceae,Funneliformis,Funneliformis_caledonium
ASV_367,Fungi,Glomeromycota,Glomeromycetes,Diversisporales,Acaulosporaceae,unidentified,unidentified
ASV_605,Fungi,Glomeromycota,Glomeromycetes,Diversisporales,Acaulosporaceae,Acaulospora,unidentified
ASV_166,Fungi,Glomeromycota,Glomeromycetes,Diversisporales,Diversisporaceae,Diversispora,unidentified
ASV_621,Fungi,Glomeromycota,Archaeosporomycetes,Archaeosporales,Archaeosporaceae,unidentified,unidentified
ASV_31,Fungi,Glomeromycota,Glomeromycetes,Diversisporales,Acaulosporaceae,Acaulospora,unidentified
ASV_807,Fungi,Glomeromycota,Glomeromycetes,Diversisporales,Acaulosporaceae,Acaulospora,unidentified
ASV_744,Fungi,Glomeromycota,Glomeromycetes,Diversisporales,Diversisporaceae,unidentified,unidentified
ASV_853,Fungi,Glomeromycota,Archaeosporomycetes,Archaeosporales,Archaeosporaceae,unidentified,unidentified
ASV_203,Fungi,Glomeromycota,Glomeromycetes,Diversisporales,Diversisporaceae,Diversispora,unidentified
ASV_785,Fungi,Glomeromycota,Archaeosporomycetes,Archaeosporales,Archaeosporaceae,unidentified,unidentified
ASV_795,Fungi,Glomeromycota,Glomeromycetes,Diversisporales,Diversisporaceae,Diversispora,Diversispora_epigaea
ASV_429,Fungi,Glomeromycota,Glomeromycetes,Diversisporales,Acaulosporaceae,Acaulospora,unidentified
ASV_872,Fungi,Glomeromycota,Archaeosporomycetes,Archaeosporales,Archaeosporaceae,unidentified,unidentified
ASV_624,Fungi,Glomeromycota,Glomeromycetes,Diversisporales,Diversisporaceae,unidentified,unidentified
ASV_384,Fungi,Glomeromycota,Glomeromycetes,Diversisporales,Acaulosporaceae,Acaulospora,unidentified
ASV_689,Fungi,Glomeromycota,Archaeosporomycetes,Archaeosporales,Archaeosporaceae,unidentified,unidentified
ASV_286,Fungi,Glomeromycota,Paraglomeromycetes,Paraglomerales,unidentified,unidentified,unidentified
ASV_545,Fungi,Glomeromycota,Glomeromycetes,Glomerales,Glomeraceae,Funneliformis,Funneliformis_caledonium
ASV_211,Fungi,Glomeromycota,Glomeromycetes,Diversisporales,Acaulosporaceae,Acaulospora,unidentified
ASV_901,Fungi,Glomeromycota,Archaeosporomycetes,Archaeosporales,Archaeosporaceae,Palaeospora,Palaeospora_spainiae
ASV_175,Fungi,Glomeromycota,Glomeromycetes,Diversisporales,Acaulosporaceae,unidentified,unidentified
ASV_23,Fungi,Glomeromycota,Glomeromycetes,Diversisporales,Acaulosporaceae,Acaulospora,unidentified
ASV_70,Fungi,Glomeromycota,Archaeosporomycetes,Archaeosporales,Archaeosporaceae,unidentified,unidentified
ASV_308,Fungi,Glomeromycota,Archaeosporomycetes,Archaeosporales,Archaeosporaceae,unidentified,unidentified
ASV_719,Fungi,Glomeromycota,Archaeosporomycetes,Archaeosporales,Archaeosporaceae,unidentified,unidentified
ASV_265,Fungi,Glomeromycota,Archaeosporomycetes,Archaeosporales,Archaeosporaceae,unidentified,unidentified
ASV_40,Fungi,Glomeromycota,Paraglomeromycetes,Paraglomerales,unidentified,unidentified,unidentified
ASV_977,Fungi,Glomeromycota,Glomeromycetes,Glomerales,Claroideoglomeraceae,unidentified,unidentified
ASV_731,Fungi,Glomeromycota,Glomeromycetes,Glomerales,Claroideoglomeraceae,unidentified,unidentified
ASV_373,Fungi,Glomeromycota,Archaeosporomycetes,Archaeosporales,Archaeosporaceae,Palaeospora,Palaeospora_spainiae
ASV_599,Fungi,Glomeromycota,Glomeromycetes,Diversisporales,Diversisporaceae,unidentified,unidentified
ASV_181,Fungi,Glomeromycota,Paraglomeromycetes,Paraglomerales,unidentified,unidentified,unidentified
ASV_778,Fungi,Glomeromycota,Glomeromycetes,Glomerales,Claroideoglomeraceae,Claroideoglomus,Claroideoglomus_claroideum
ASV_513,Fungi,Glomeromycota,Archaeosporomycetes,Archaeosporales,Archaeosporaceae,unidentified,unidentified
ASV_422,Fungi,Glomeromycota,Archaeosporomycetes,Archaeosporales,Archaeosporaceae,Palaeospora,Palaeospora_spainiae
ASV_153,Fungi,Glomeromycota,Glomeromycetes,Diversisporales,Diversisporaceae,Diversispora,unidentified
ASV_187,Fungi,Glomeromycota,Archaeosporomycetes,Archaeosporales,Archaeosporaceae,Palaeospora,Palaeospora_spainiae
ASV_963,Fungi,Glomeromycota,Archaeosporomycetes,Archaeosporales,Ambisporaceae,Ambispora,unidentified
ASV_965,Fungi,Glomeromycota,Glomeromycetes,Glomerales,Glomeraceae,Funneliformis,unidentified
ASV_332,Fungi,Glomeromycota,Glomeromycetes,Diversisporales,Diversisporaceae,Diversispora,Diversispora_epigaea
ASV_440,Fungi,Glomeromycota,Archaeosporomycetes,Archaeosporales,Ambisporaceae,unidentified,unidentified
ASV_427,Fungi,Glomeromycota,Glomeromycetes,Diversisporales,Acaulosporaceae,Acaulospora,unidentified
ASV_54,Fungi,Glomeromycota,Glomeromycetes,Diversisporales,Acaulosporaceae,Acaulospora,unidentified
ASV_551,Fungi,Glomeromycota,Glomeromycetes,Diversisporales,Acaulosporaceae,Acaulospora,unidentified
ASV_805,Fungi,Glomeromycota,Archaeosporomycetes,Archaeosporales,Archaeosporaceae,unidentified,unidentified
ASV_97,Fungi,Glomeromycota,Glomeromycetes,Diversisporales,Diversisporaceae,unidentified,unidentified
ASV_398,Fungi,Glomeromycota,Glomeromycetes,Diversisporales,Diversisporaceae,unidentified,unidentified
ASV_125,Fungi,Glomeromycota,Archaeosporomycetes,Archaeosporales,Archaeosporaceae,unidentified,unidentified
ASV_477,Fungi,Glomeromycota,Glomeromycetes,Glomerales,Glomeraceae,Funneliformis,Funneliformis_caledonium
ASV_951,Fungi,Glomeromycota,Archaeosporomycetes,Archaeosporales,Archaeosporaceae,unidentified,unidentified
ASV_712,Fungi,Glomeromycota,Glomeromycetes,Glomerales,Glomeraceae,Funneliformis,Funneliformis_mosseae
ASV_473,Fungi,Glomeromycota,Glomeromycetes,Diversisporales,Diversisporaceae,Diversispora,Diversispora_varaderana
ASV_762,Fungi,Glomeromycota,Archaeosporomycetes,Archaeosporales,Archaeosporaceae,unidentified,unidentified
ASV_904,Fungi,Glomeromycota,Archaeosporomycetes,Archaeosporales,Archaeosporaceae,unidentified,unidentified
ASV_182,Fungi,Glomeromycota,Glomeromycetes,Diversisporales,Acaulosporaceae,Acaulospora,unidentified
ASV_554,Fungi,Glomeromycota,Glomeromycetes,Glomerales,Glomeraceae,unidentified,unidentified
ASV_444,Fungi,Glomeromycota,Glomeromycetes,Diversisporales,Diversisporaceae,unidentified,unidentified
ASV_688,Fungi,Glomeromycota,Glomeromycetes,Diversisporales,Diversisporaceae,Diversispora,unidentified
ASV_213,Fungi,Glomeromycota,Paraglomeromycetes,Paraglomerales,unidentified,unidentified,unidentified
ASV_559,Fungi,Glomeromycota,Paraglomeromycetes,Paraglomerales,unidentified,unidentified,unidentified
ASV_675,Fungi,Glomeromycota,Archaeosporomycetes,Archaeosporales,Archaeosporaceae,Palaeospora,Palaeospora_spainiae
ASV_850,Fungi,Glomeromycota,Glomeromycetes,Glomerales,Claroideoglomeraceae,unidentified,unidentified
ASV_356,Fungi,Glomeromycota,Glomeromycetes,Glomerales,Glomeraceae,Funneliformis,unidentified
ASV_870,Fungi,Glomeromycota,Archaeosporomycetes,Archaeosporales,Archaeosporaceae,unidentified,unidentified
ASV_86,Fungi,Glomeromycota,Glomeromycetes,Diversisporales,Acaulosporaceae,Acaulospora,unidentified
ASV_680,Fungi,Glomeromycota,Glomeromycetes,Diversisporales,Diversisporaceae,unidentified,unidentified
ASV_791,Fungi,Glomeromycota,Paraglomeromycetes,Paraglomerales,unidentified,unidentified,unidentified
ASV_18,Fungi,Glomeromycota,Glomeromycetes,Diversisporales,Acaulosporaceae,Acaulospora,unidentified
ASV_84,Fungi,Glomeromycota,Glomeromycetes,Diversisporales,Acaulosporaceae,Acaulospora,unidentified
ASV_401,Fungi,Glomeromycota,Archaeosporomycetes,Archaeosporales,Archaeosporaceae,Palaeospora,Palaeospora_spainiae
ASV_22,Fungi,Glomeromycota,Glomeromycetes,Diversisporales,Acaulosporaceae,Acaulospora,unidentified
ASV_608,Fungi,Glomeromycota,Archaeosporomycetes,Archaeosporales,Archaeosporaceae,unidentified,unidentified
ASV_895,Fungi,Glomeromycota,Glomeromycetes,Glomerales,Claroideoglomeraceae,unidentified,unidentified
ASV_918,Fungi,Glomeromycota,Archaeosporomycetes,Archaeosporales,Archaeosporaceae,unidentified,unidentified
ASV_806,Fungi,Glomeromycota,Glomeromycetes,Diversisporales,Diversisporaceae,unidentified,unidentified
ASV_241,Fungi,Glomeromycota,Glomeromycetes,Diversisporales,Diversisporaceae,Diversispora,unidentified
ASV_627,Fungi,Glomeromycota,Glomeromycetes,Diversisporales,Acaulosporaceae,Acaulospora,unidentified
ASV_435,Fungi,Glomeromycota,Archaeosporomycetes,Archaeosporales,Archaeosporaceae,unidentified,unidentified
ASV_691,Fungi,Glomeromycota,Glomeromycetes,Glomerales,Glomeraceae,unidentified,unidentified
ASV_90,Fungi,Glomeromycota,Glomeromycetes,Diversisporales,Acaulosporaceae,Acaulospora,unidentified
ASV_547,Fungi,Glomeromycota,Glomeromycetes,Diversisporales,Diversisporaceae,unidentified,unidentified
ASV_694,Fungi,Glomeromycota,Glomeromycetes,Diversisporales,Diversisporaceae,Diversispora,unidentified
ASV_563,Fungi,Glomeromycota,Archaeosporomycetes,Archaeosporales,Archaeosporaceae,Palaeospora,Palaeospora_spainiae
ASV_590,Fungi,Glomeromycota,Glomeromycetes,Gigasporales,Gigasporaceae,Cetraspora,unidentified
ASV_324,Fungi,Glomeromycota,Glomeromycetes,Diversisporales,Acaulosporaceae,Acaulospora,unidentified
ASV_160,Fungi,Glomeromycota,Glomeromycetes,Diversisporales,Acaulosporaceae,Acaulospora,unidentified
ASV_300,Fungi,Glomeromycota,Glomeromycetes,Diversisporales,Acaulosporaceae,Acaulospora,unidentified
ASV_205,Fungi,Glomeromycota,Glomeromycetes,Glomerales,Claroideoglomeraceae,unidentified,unidentified
ASV_214,Fungi,Glomeromycota,Archaeosporomycetes,Archaeosporales,Archaeosporaceae,Palaeospora,Palaeospora_spainiae
ASV_237,Fungi,Glomeromycota,Glomeromycetes,Diversisporales,Diversisporaceae,unidentified,unidentified
ASV_833,Fungi,Glomeromycota,Glomeromycetes,Glomerales,Claroideoglomeraceae,unidentified,unidentified
ASV_768,Fungi,Glomeromycota,Glomeromycetes,Diversisporales,Diversisporaceae,Diversispora,unidentified
ASV_626,Fungi,Glomeromycota,Glomeromycetes,Gigasporales,Gigasporaceae,Cetraspora,unidentified
ASV_37,Fungi,Glomeromycota,Glomeromycetes,Diversisporales,Acaulosporaceae,Acaulospora,unidentified
ASV_461,Fungi,Glomeromycota,Glomeromycetes,Diversisporales,Acaulosporaceae,Acaulospora,unidentified
ASV_984,Fungi,Glomeromycota,Archaeosporomycetes,Archaeosporales,Archaeosporaceae,unidentified,unidentified
ASV_335,Fungi,Glomeromycota,Glomeromycetes,Diversisporales,Acaulosporaceae,Acaulospora,unidentified
ASV_542,Fungi,Glomeromycota,Glomeromycetes,Glomerales,Claroideoglomeraceae,Claroideoglomus,Claroideoglomus_claroideum
ASV_493,Fungi,Glomeromycota,Archaeosporomycetes,Archaeosporales,Archaeosporaceae,Palaeospora,Palaeospora_spainiae
ASV_154,Fungi,Glomeromycota,Paraglomeromycetes,Paraglomerales,unidentified,unidentified,unidentified
ASV_844,Fungi,Glomeromycota,Archaeosporomycetes,Archaeosporales,Archaeosporaceae,Palaeospora,Palaeospora_spainiae
ASV_499,Fungi,Glomeromycota,Glomeromycetes,Diversisporales,Acaulosporaceae,Acaulospora,unidentified
ASV_824,Fungi,Glomeromycota,Glomeromycetes,Gigasporales,Gigasporaceae,Cetraspora,unidentified
ASV_137,Fungi,Glomeromycota,Glomeromycetes,Diversisporales,Acaulosporaceae,Acaulospora,unidentified
ASV_700,Fungi,Glomeromycota,Archaeosporomycetes,Archaeosporales,Ambisporaceae,Ambispora,unidentified
ASV_936,Fungi,Glomeromycota,Glomeromycetes,Glomerales,Claroideoglomeraceae,unidentified,unidentified
ASV_202,Fungi,Glomeromycota,Glomeromycetes,Glomerales,Glomeraceae,unidentified,unidentified
ASV_613,Fungi,Glomeromycota,Archaeosporomycetes,Archaeosporales,Archaeosporaceae,Palaeospora,Palaeospora_spainiae
ASV_234,Fungi,Glomeromycota,Glomeromycetes,Diversisporales,Acaulosporaceae,Acaulospora,unidentified
ASV_354,Fungi,Glomeromycota,Archaeosporomycetes,Archaeosporales,Ambisporaceae,unidentified,unidentified
ASV_392,Fungi,Glomeromycota,Glomeromycetes,Diversisporales,Acaulosporaceae,Acaulospora,unidentified
ASV_191,Fungi,Glomeromycota,Glomeromycetes,Diversisporales,Acaulosporaceae,unidentified,unidentified
ASV_243,Fungi,Glomeromycota,Glomeromycetes,Diversisporales,Acaulosporaceae,Acaulospora,unidentified
ASV_344,Fungi,Glomeromycota,Glomeromycetes,Diversisporales,Acaulosporaceae,unidentified,unidentified
ASV_876,Fungi,Glomeromycota,Archaeosporomycetes,Archaeosporales,Ambisporaceae,unidentified,unidentified
ASV_706,Fungi,Glomeromycota,Glomeromycetes,Diversisporales,Acaulosporaceae,Acaulospora,unidentified
ASV_119,Fungi,Glomeromycota,Glomeromycetes,Diversisporales,Acaulosporaceae,Acaulospora,unidentified
ASV_326,Fungi,Glomeromycota,Glomeromycetes,Diversisporales,Acaulosporaceae,Acaulospora,Acaulospora_ignota
ASV_82,Fungi,Glomeromycota,Glomeromycetes,Diversisporales,Acaulosporaceae,Acaulospora,unidentified
ASV_325,Fungi,Glomeromycota,Glomeromycetes,Diversisporales,Acaulosporaceae,Acaulospora,unidentified
ASV_44,Fungi,Glomeromycota,Glomeromycetes,Diversisporales,Acaulosporaceae,Acaulospora,unidentified
ASV_767,Fungi,Glomeromycota,Glomeromycetes,Glomerales,Claroideoglomeraceae,Claroideoglomus,Claroideoglomus_claroideum
ASV_702,Fungi,Glomeromycota,Archaeosporomycetes,Archaeosporales,Archaeosporaceae,unidentified,unidentified
ASV_939,Fungi,Glomeromycota,Glomeromycetes,Diversisporales,Acaulosporaceae,Acaulospora,unidentified
ASV_697,Fungi,Glomeromycota,Archaeosporomycetes,Archaeosporales,Ambisporaceae,unidentified,unidentified
ASV_112,Fungi,Glomeromycota,Archaeosporomycetes,Archaeosporales,Archaeosporaceae,Palaeospora,Palaeospora_spainiae
ASV_409,Fungi,Glomeromycota,Paraglomeromycetes,Paraglomerales,unidentified,unidentified,unidentified
ASV_143,Fungi,Glomeromycota,Paraglomeromycetes,Paraglomerales,unidentified,unidentified,unidentified
ASV_267,Fungi,Glomeromycota,Archaeosporomycetes,Archaeosporales,Archaeosporaceae,unidentified,unidentified
ASV_350,Fungi,Glomeromycota,Glomeromycetes,Diversisporales,Diversisporaceae,unidentified,unidentified
ASV_899,Fungi,Glomeromycota,Glomeromycetes,Glomerales,Claroideoglomeraceae,unidentified,unidentified
ASV_248,Fungi,Glomeromycota,Glomeromycetes,Diversisporales,Acaulosporaceae,unidentified,unidentified
ASV_903,Fungi,Glomeromycota,Archaeosporomycetes,Archaeosporales,Ambisporaceae,unidentified,unidentified
ASV_919,Fungi,Glomeromycota,Archaeosporomycetes,Archaeosporales,Ambisporaceae,unidentified,unidentified
ASV_434,Fungi,Glomeromycota,Glomeromycetes,Glomerales,Claroideoglomeraceae,unidentified,unidentified
ASV_170,Fungi,Glomeromycota,Glomeromycetes,Diversisporales,Acaulosporaceae,Acaulospora,unidentified
ASV_179,Fungi,Glomeromycota,Glomeromycetes,Diversisporales,Diversisporaceae,unidentified,unidentified
ASV_230,Fungi,Glomeromycota,Glomeromycetes,Diversisporales,Acaulosporaceae,Acaulospora,unidentified
ASV_966,Fungi,Glomeromycota,Glomeromycetes,Glomerales,Glomeraceae,unidentified,unidentified
ASV_783,Fungi,Glomeromycota,Glomeromycetes,Gigasporales,Gigasporaceae,Cetraspora,unidentified
ASV_441,Fungi,Glomeromycota,Glomeromycetes,Glomerales,Glomeraceae,Funneliformis,unidentified
ASV_346,Fungi,Glomeromycota,Glomeromycetes,Diversisporales,Acaulosporaceae,Acaulospora,unidentified
ASV_264,Fungi,Glomeromycota,Glomeromycetes,Diversisporales,Diversisporaceae,Diversispora,unidentified
ASV_549,Fungi,Glomeromycota,Archaeosporomycetes,Archaeosporales,Ambisporaceae,unidentified,unidentified
ASV_654,Fungi,Glomeromycota,Archaeosporomycetes,Archaeosporales,Archaeosporaceae,Palaeospora,Palaeospora_spainiae
ASV_319,Fungi,Glomeromycota,Paraglomeromycetes,Paraglomerales,unidentified,unidentified,unidentified
ASV_663,Fungi,Glomeromycota,Glomeromycetes,Glomerales,Claroideoglomeraceae,unidentified,unidentified
ASV_64,Fungi,Glomeromycota,Glomeromycetes,Diversisporales,Acaulosporaceae,Acaulospora,unidentified
ASV_717,Fungi,Glomeromycota,Glomeromycetes,Diversisporales,Diversisporaceae,Diversispora,unidentified
ASV_942,Fungi,Glomeromycota,Archaeosporomycetes,Archaeosporales,Ambisporaceae,Ambispora,unidentified
ASV_134,Fungi,Glomeromycota,Archaeosporomycetes,Archaeosporales,Ambisporaceae,Ambispora,unidentified
ASV_579,Fungi,Glomeromycota,Glomeromycetes,Gigasporales,Gigasporaceae,Cetraspora,unidentified
ASV_164,Fungi,Glomeromycota,Paraglomeromycetes,Paraglomerales,unidentified,unidentified,unidentified
ASV_209,Fungi,Glomeromycota,Glomeromycetes,Glomerales,Glomeraceae,Funneliformis,Funneliformis_mosseae
ASV_869,Fungi,Glomeromycota,Archaeosporomycetes,Archaeosporales,Archaeosporaceae,unidentified,unidentified
ASV_703,Fungi,Glomeromycota,Paraglomeromycetes,Paraglomerales,Paraglomeraceae,Paraglomus,unidentified
ASV_395,Fungi,Glomeromycota,Glomeromycetes,Diversisporales,Acaulosporaceae,Acaulospora,unidentified
ASV_531,Fungi,Glomeromycota,Archaeosporomycetes,Archaeosporales,Archaeosporaceae,unidentified,unidentified
ASV_255,Fungi,Glomeromycota,Glomeromycetes,Diversisporales,Acaulosporaceae,Acaulospora,unidentified
ASV_589,Fungi,Glomeromycota,Glomeromycetes,Diversisporales,Diversisporaceae,unidentified,unidentified
ASV_834,Fungi,Glomeromycota,Glomeromycetes,Diversisporales,Diversisporaceae,unidentified,unidentified
ASV_35,Fungi,Glomeromycota,Paraglomeromycetes,Paraglomerales,unidentified,unidentified,unidentified
ASV_487,Fungi,Glomeromycota,Archaeosporomycetes,Archaeosporales,Archaeosporaceae,unidentified,unidentified
ASV_417,Fungi,Glomeromycota,Glomeromycetes,Gigasporales,Gigasporaceae,Cetraspora,unidentified
ASV_637,Fungi,Glomeromycota,Archaeosporomycetes,Archaeosporales,Archaeosporaceae,Palaeospora,Palaeospora_spainiae
ASV_246,Fungi,Glomeromycota,Glomeromycetes,Diversisporales,Acaulosporaceae,Acaulospora,unidentified
ASV_500,Fungi,Glomeromycota,Archaeosporomycetes,Archaeosporales,Archaeosporaceae,Palaeospora,Palaeospora_spainiae
ASV_415,Fungi,Glomeromycota,Glomeromycetes,Glomerales,Claroideoglomeraceae,unidentified,unidentified
ASV_576,Fungi,Glomeromycota,Glomeromycetes,Diversisporales,Acaulosporaceae,unidentified,unidentified
ASV_769,Fungi,Glomeromycota,Glomeromycetes,Diversisporales,Acaulosporaceae,unidentified,unidentified
ASV_352,Fungi,Glomeromycota,Glomeromycetes,Glomerales,Glomeraceae,unidentified,unidentified
ASV_540,Fungi,Glomeromycota,Glomeromycetes,Glomerales,Claroideoglomeraceae,unidentified,unidentified
ASV_638,Fungi,Glomeromycota,Glomeromycetes,Diversisporales,Acaulosporaceae,Acaulospora,unidentified
ASV_714,Fungi,Glomeromycota,Glomeromycetes,Glomerales,Glomeraceae,Funneliformis,Funneliformis_mosseae
ASV_62,Fungi,Glomeromycota,Glomeromycetes,Diversisporales,Acaulosporaceae,Acaulospora,unidentified
ASV_323,Fungi,Glomeromycota,Glomeromycetes,Diversisporales,Diversisporaceae,Diversispora,unidentified
ASV_816,Fungi,Glomeromycota,Glomeromycetes,Glomerales,Claroideoglomeraceae,Claroideoglomus,unidentified
ASV_470,Fungi,Glomeromycota,Archaeosporomycetes,Archaeosporales,Archaeosporaceae,unidentified,unidentified
ASV_760,Fungi,Glomeromycota,unidentified,unidentified,unidentified,unidentified,unidentified
ASV_33,Fungi,Glomeromycota,Glomeromycetes,Diversisporales,Acaulosporaceae,Acaulospora,unidentified
ASV_823,Fungi,Glomeromycota,Archaeosporomycetes,Archaeosporales,Ambisporaceae,unidentified,unidentified
ASV_301,Fungi,Glomeromycota,Archaeosporomycetes,Archaeosporales,Archaeosporaceae,unidentified,unidentified
ASV_584,Fungi,Glomeromycota,Glomeromycetes,Glomerales,Claroideoglomeraceae,unidentified,unidentified
ASV_359,Fungi,Glomeromycota,Glomeromycetes,Diversisporales,Diversisporaceae,unidentified,unidentified
ASV_781,Fungi,Glomeromycota,Glomeromycetes,Glomerales,Claroideoglomeraceae,unidentified,unidentified
ASV_56,Fungi,Glomeromycota,Paraglomeromycetes,Paraglomerales,unidentified,unidentified,unidentified
ASV_491,Fungi,Glomeromycota,Archaeosporomycetes,Archaeosporales,Archaeosporaceae,unidentified,unidentified
ASV_501,Fungi,Glomeromycota,Archaeosporomycetes,Archaeosporales,Archaeosporaceae,unidentified,unidentified
ASV_546,Fungi,Glomeromycota,Glomeromycetes,Diversisporales,Acaulosporaceae,Acaulospora,unidentified
ASV_985,Fungi,Glomeromycota,Glomeromycetes,Diversisporales,Diversisporaceae,unidentified,unidentified
ASV_863,Fungi,Glomeromycota,Glomeromycetes,Glomerales,Glomeraceae,Funneliformis,Funneliformis_mosseae
ASV_132,Fungi,Glomeromycota,Glomeromycetes,Diversisporales,Acaulosporaceae,Acaulospora,unidentified
ASV_775,Fungi,Glomeromycota,Archaeosporomycetes,Archaeosporales,Archaeosporaceae,unidentified,unidentified
ASV_394,Fungi,Glomeromycota,Glomeromycetes,Glomerales,Glomeraceae,Funneliformis,Funneliformis_caledonium
ASV_580,Fungi,Glomeromycota,Glomeromycetes,Diversisporales,Diversisporaceae,unidentified,unidentified
ASV_144,Fungi,Glomeromycota,Paraglomeromycetes,Paraglomerales,unidentified,unidentified,unidentified
ASV_693,Fungi,Glomeromycota,Glomeromycetes,Glomerales,Claroideoglomeraceae,unidentified,unidentified
ASV_32,Fungi,Glomeromycota,Glomeromycetes,Glomerales,Glomeraceae,Funneliformis,Funneliformis_mosseae
ASV_469,Fungi,Glomeromycota,Glomeromycetes,Diversisporales,Acaulosporaceae,Acaulospora,unidentified
ASV_742,Fungi,Glomeromycota,Archaeosporomycetes,Archaeosporales,Archaeosporaceae,Palaeospora,Palaeospora_spainiae
ASV_218,Fungi,Glomeromycota,Glomeromycetes,Diversisporales,Acaulosporaceae,Acaulospora,unidentified
ASV_320,Fungi,Glomeromycota,Glomeromycetes,Diversisporales,Diversisporaceae,unidentified,unidentified
ASV_537,Fungi,Glomeromycota,Glomeromycetes,Diversisporales,Acaulosporaceae,Acaulospora,unidentified
ASV_158,Fungi,Glomeromycota,Glomeromycetes,Diversisporales,Acaulosporaceae,Acaulospora,unidentified
ASV_572,Fungi,Glomeromycota,Paraglomeromycetes,Paraglomerales,unidentified,unidentified,unidentified
ASV_494,Fungi,Glomeromycota,Glomeromycetes,Diversisporales,Acaulosporaceae,Acaulospora,unidentified
ASV_839,Fungi,Glomeromycota,Archaeosporomycetes,Archaeosporales,Archaeosporaceae,unidentified,unidentified
ASV_662,Fungi,Glomeromycota,Glomeromycetes,Diversisporales,Diversisporaceae,unidentified,unidentified
ASV_52,Fungi,Glomeromycota,Glomeromycetes,Glomerales,Glomeraceae,Funneliformis,Funneliformis_mosseae
ASV_233,Fungi,Glomeromycota,Glomeromycetes,Diversisporales,Acaulosporaceae,Acaulospora,unidentified
ASV_804,Fungi,Glomeromycota,Glomeromycetes,Glomerales,Glomeraceae,unidentified,unidentified
ASV_472,Fungi,Glomeromycota,Glomeromycetes,Gigasporales,Gigasporaceae,Cetraspora,Cetraspora_gilmorei
ASV_357,Fungi,Glomeromycota,Glomeromycetes,Diversisporales,Diversisporaceae,Diversispora,unidentified
ASV_779,Fungi,Glomeromycota,Glomeromycetes,Diversisporales,Acaulosporaceae,unidentified,unidentified
ASV_751,Fungi,Glomeromycota,Archaeosporomycetes,Archaeosporales,Archaeosporaceae,unidentified,unidentified
ASV_258,Fungi,Glomeromycota,Paraglomeromycetes,Paraglomerales,unidentified,unidentified,unidentified
ASV_397,Fungi,Glomeromycota,Archaeosporomycetes,Archaeosporales,Archaeosporaceae,unidentified,unidentified
ASV_846,Fungi,Glomeromycota,Glomeromycetes,Diversisporales,Acaulosporaceae,Acaulospora,unidentified
ASV_15,Fungi,Glomeromycota,Glomeromycetes,Diversisporales,Acaulosporaceae,Acaulospora,unidentified
ASV_750,Fungi,Glomeromycota,Archaeosporomycetes,Archaeosporales,Ambisporaceae,Ambispora,unidentified
ASV_801,Fungi,Glomeromycota,Archaeosporomycetes,Archaeosporales,Archaeosporaceae,unidentified,unidentified
ASV_459,Fungi,Glomeromycota,Glomeromycetes,Diversisporales,Diversisporaceae,Diversispora,Diversispora_epigaea
